SECOL,REZULTAT
8 BC,"În secolul al VIII-lea î.Hr. (anii 800–701 î.Hr.), teritoriul actual al României se afla în prima epoc? a fierului (perioada Hallstattului mijlociu). Deoarece nu existau izvoare scrise locale în aceast? perioad?, numele unor b?t?lii specifice sau conduc?tori militari nu s-au p?strat. Totu?i, descoperirile arheologice demonstreaz? c? a fost o perioad? marcat? de o accentuare puternic? a caracterului r?zboinic ?i de migra?ii violente.Principalele tipuri de conflicte militare din aceast? perioad? au fost determinate de urm?toarele dinamici:1. Incursiunile nomazilor estici (Pre-sci?ii ?i Cimerienii)Context: În secolul al VIII-lea î.Hr., grupuri de popula?ii nomade de c?l?re?i r?zboinici din stepele de la nordul M?rii Negre (asociate adesea cu cimerienii sau cu valurile timpurii de sci?i) au început s? p?trund? spre vest.Impact militar: Ace?ti r?zboinici au adus pe teritoriul României tehnici noi de lupt? (cavalerie u?oar?), arcuri cu s?ge?i cu vârfuri de bronz ?i pumnale specifice (de tip akinakes mai târziu). P?trunderea lor în zone precum Dobrogea, Moldova ?i estul Transilvaniei a generat, în mod cert, ciocniri violente cu popula?ia autohton?.2. Conflicte inter-tribale pentru resurseAria cultural? autohton?: Popula?ia local? f?cea parte din marea mas? a tracilor septentrionali (str?mo?ii daco-ge?ilor). În aceast? perioad? s-a dezvoltat puternic Cultura Basarabi (r?spândit? în Oltenia, Banat, Muntenia ?i Transilvania).Miza r?zboaielor: Introducerea pe scar? tot mai larg? a metalurgiei fierului a dus la apari?ia unei aristocra?ii militare. Triburile locale se luptau între ele pentru controlul z?c?mintelor de fier, a minelor de sare din Transilvania, a turmelor de vite ?i a celor mai bune rute comerciale.3. Presiunea triburilor ilire în sud-vestÎn partea de sud-vest a ??rii (în special în Oltenia ?i Banat), s-au înregistrat interac?iuni de frontier? ?i conflicte cu triburile ilire din Balcanii de Vest. Aceste presiuni au for?at comunit??ile locale s? î?i fortifice a?ez?rile.Dovezile arheologice ale r?zboiului:Fortifica?iile: Apar tot mai multe a?ez?ri fortificate cu valuri de p?mânt, palisade de lemn ?i ?an?uri adânci de ap?rare, construite pe forme de relief greu accesibile (promontorii, dealuri).Tezaurele de arme: În siturile arheologice din aceast? perioad? s-au descoperit numeroase depozite de arme (vârfuri de lance, topoare de lupt? din bronz ?i fier, spade lungi, pumnale ?i piese de harna?ament).Distrugerile prin foc: Multe a?ez?ri civile din sec. VIII î.Hr. prezint? straturi groase de cenu??, semn c? au fost atacate, arse ?i abandonate în urma unor invazii sau r?zboaie locale."
7 BC,"1. Expansiunea ?i invaziile sci?ilorÎn secolul al VII-lea î.Hr., sci?ii (popula?ie nomad? de origine indo-iranian? din stepele nord-pontice) p?trund masiv în spa?iul carpato-danubiano-pontic.Zone de conflict: Ace?tia au intrat în coliziune cu popula?iile locale geto-trace din Dobrogea, Moldova ?i din interiorul arcului carpatic (bazinul Mure?ului).Dovezi arheologice: Prezen?a conflictelor este demonstrat? de descoperirea unor vârfuri de s?ge?i din bronz cu trei muchii (de tip scitic) înfipte în palisadele sau valurile de p?mânt ale unor a?ez?ri autohtone, precum ?i de straturi de cenu?? care indic? incendierea unor fortifica?ii. Tot acum apar arme specifice, precum pumnalele scitice scurte (akinakes).2. Întemeierea coloniilor grece?ti ?i conflictele de coast?La jum?tatea secolului al VII-lea î.Hr. (în jurul anului 657 î.Hr.), grecii din Milet întemeiaz? Histria, prima colonie greceasc? de pe ??rmul vestic al M?rii Negre (pe teritoriul de azi al jude?ului Constan?a).Natura conflictelor: Stabilirea grecilor nu a fost complet pa?nic?. Colonizarea a generat inevitabil conflicte de frontier? cu comunit??ile locale de ge?i pentru controlul p?mânturilor agricole ?i al rutelor comerciale. De?i s-a ajuns ulterior la alian?e comerciale, primele decenii au fost marcate de tensiuni ?i asedii sporadice din partea triburilor din hinterland.3. Conflictele inter-tribale geto-traceDescoperirile arheologice arat? o cre?tere a num?rului de a?ez?ri fortificate autohtone în aceast? perioad?. Triburile locale de ge?i se aflau adesea în r?zboi unele cu altele pentru:Controlul asupra z?c?mintelor ?i centrelor de prelucrare a metalelor (în special noul metal, fierul).Rutele comerciale care începeau s? se dezvolte de-a lungul Dun?rii ?i c?tre Marea Neagr?."
6 BC,"Campania lui Darius I din anul 513 î.Hr.Darius I, conduc?torul Imperiului Persan Ahemenid, a organizat o uria?? expedi?ie militar? cu scopul de a-i pedepsi ?i supune pe sci?ii nomazi din nordul M?rii Negre. Traseul armatei sale a traversat direct teritoriul de ast?zi al României (Dobrogea).Rezisten?a ge?ilor: În timp ce celelalte triburi trace din Balcani s-au predat f?r? lupt?, ge?ii din zona Dobrogei au fost singurii care au opus o rezisten?? îndârjit? armatei persane.Eroismul local: De?i au fost învin?i de superioritatea numeric? a per?ilor, curajul lor l-a impresionat pe Herodot, care i-a numit în scrierile sale „cei mai viteji ?i mai drep?i dintre traci”.Trecerea Istrului (Dun?rea): Dup? înfrângerea ge?ilor, Darius a ordonat construirea unui pod de vase peste Dun?re (localizat de istorici în zona actualului ora? Isaccea, jude?ul Tulcea) pentru a trece cu armata în stepele scitice.??? Alte tipuri de conflicte în aceea?i perioad?Pe lâng? marea expedi?ie persan?, în secolul al VI-lea î.Hr. pe teritoriul României aveau loc în mod constant conflicte locale, eviden?iate de cercet?rile arheologice:Conflictele dintre popula?ia local? ?i coloniile grece?ti: Pe litoralul M?rii Negre se înfiin?eaz? cet??i grece?ti precum Histria (fondat? în sec. VII î.Hr.) sau Tomis ?i Callatis (sec. VI-V î.Hr.). Rela?iile dintre greci ?i aristocra?ia getic? local? alternau între schimburi comerciale intense ?i ciocniri violente pentru controlul teritoriilor agricole.Incursunile scitice: Triburile de sci?i nomazi p?trundeau adesea la vest de Prut ?i în Câmpia Român? în scop de prad? sau extindere a zonelor de p??unat, intrând în conflict direct cu triburile sedentare geto-dace.R?zboaie inter-tribale: Comunit??ile autohtone din Epoca Fierului (Hallstatt târziu) erau fragmentate în uniuni de triburi care se atacau reciproc pentru resurse, p?mânt ?i prestigiu militar."
5 BC,"1. Urm?rile expedi?iei persane a lui Darius I ?i revoltele geto-sciticeDe?i campania marelui rege persan Darius I împotriva sci?ilor a avut loc în anul 513 î.Hr. (la sfâr?itul secolului al VI-lea î.Hr.), efectele ?i conflictele generate de aceasta s-au prelungit adânc în secolul al V-lea î.Hr.Dup? ce ge?ii au fost singurii traci care s-au opus cu dârzenie armatei persane înainte ca aceasta s? treac? Dun?rea, regiunea a r?mas o perioad? sub o relativ? influen?? sau supraveghere persan?.La începutul secolului al V-lea î.Hr., odat? cu înfrângerile suferite de per?i în Grecia (R?zboaiele Persane), st?pânirea lor la nord de Balcani s-a pr?bu?it. Acest lucru a declan?at conflicte locale de eliberare ?i rea?ez?ri de for?e între ge?i, sci?i ?i garnizoanele persane r?mase în regiunea tracic?.2. Conflictele de frontier? dintre Ge?i ?i Regatul OdrisÎn prima jum?tate a secolului al V-lea î.Hr., regele Teres I unific? triburile trace din sud ?i înfiin?eaz? Regatul Odris (cel mai puternic stat trac de la acea vreme).R?zboaiele de expansiune: Regatul Odris ?i-a extins grani?ele spre nord, ajungând pân? la Dun?re. Acest lucru a dus la ciocniri militare inevitabile cu triburile de ge?i autohtoni din Dobrogea ?i din stânga Dun?rii.Pacea ?i tributul: În cele din urm?, conflictele s-au stabilizat printr-o form? de suzeranitate: ge?ii din Dobrogea (dreapta Dun?rii) au fost integra?i par?ial în sfera de influen?? odris? ?i au fost obliga?i s? pl?teasc? tribut, devenind îns? ?i alia?i militari de baz? (ca arca?i c?lare) în campaniile odrise din Balcani.3. Incursiunile ?i presiunea Sci?ilor în Dobrogea ?i MoldovaSecolul al V-lea î.Hr. a fost marcat de mi?c?ri masive ale popula?iilor scitice din stepele nord-pontice (Ucraina de ast?zi) spre interiorul teritoriului României.Conflictul odriso-scit: În jurul anului 450 î.Hr., expansiunea sci?ilor condu?i de regele Scyles spre Dun?re a provocat un conflict militar direct cu Regatul Odris (condus de regele Sitalces). R?zboiul deschis a fost evitat în ultimul moment printr-o alian?? matrimonial? ?i stabilirea grani?ei pe fluviul Dun?rea, îns? tensiunile armate de frontier? au r?mas constante.Invaziile din Moldova ?i Transilvania: Arheologia confirm? numeroase conflicte locale violente. Descoperirile de vârfuri de s?ge?i scitice de tip trei muchii (specifice secolului V î.Hr.) în a?ez?rile autohtone din Moldova ?i din estul Transilvaniei demonstreaz? incursiuni militare de jaf ?i confrunt?ri sângeroase între ge?ii sedentari ?i nomazii sci?i.4. Conflictele legate de coloniile grece?ti de la Marea Neagr?Ora?ele-stat grece?ti de pe litoral (Histria, Tomis, Callatis) au traversat în secolul al V-lea î.Hr. perioade de mari tensiuni militare.Ele trebuiau s? î?i apere teritoriul agricol (chora) prin r?zboaie locale împotriva triburilor de ge?i ?i sci?i din hinterland, care organizau atacuri pentru prad? sau cereau tribut (taxe de protec?ie).Histria, de pild?, a fost par?ial distrus? spre sfâr?itul secolului al VI-lea sau începutul secolului al V-lea î.Hr., cel mai probabil în urma unui astfel de conflict violent cu localnicii sau ca urmare a retragerii persane, fiind ulterior reconstruit? ?i fortificat? masiv."
4 BC,"1. Expedi?ia lui Alexandru cel Mare la nord de Dun?re (335 î.Hr.)Context: În prim?vara anului 335 î.Hr., tân?rul rege Alexandru cel Mare a pornit o campanie în Balcani pentru a pacifica triburile r?zvr?tite. Urm?rindu-i pe tribali pân? la Dun?re (probabil în zona Zimnicea), el a fost întâmpinat pe malul nordic de o armat? masiv? de ge?i.Desf??urarea conflictului: Pentru a neutraliza amenin?area, Alexandru a traversat fluviul noaptea, pe ascuns, folosind b?rci improvizate din trunchiuri de copaci (monoxile) ?i burdufuri de piele umplute cu fân. A surprins oastea getic? format? din aproximativ 14.000 de lupt?tori.Rezultat: Speria?i de apari?ia nea?teptat? a falangei macedonene ?i de tactica cavaleriei, ge?ii s-au retras. Alexandru le-a distrus o a?ezare fortificat?, a luat prada ?i s-a întors rapid la sud de Dun?re, consolidându-?i autoritatea în regiune.2. Dezastrul militar al generalului macedonean Zopyrion (cca. 331–325 î.Hr.)Context: În timp ce Alexandru cel Mare era plecat în campania din Asia, guvernatorul macedonean al Traciei, Zopyrion, a organizat o expedi?ie proprie spre nordul M?rii Negre cu o armat? impresionant? de 30.000 de solda?i.Desf??urarea conflictului: Zopyrion a asediat f?r? succes cetatea greceasc? Olbia (la gurile Bugului). În timpul unei retrageri haotice prin teritoriile de la gurile Dun?rii ?i Dobrogei de ast?zi, armata sa a fost blocat? de o furtun? violent?.Rezultat: Profitând de vulnerabilitatea macedonenilor, o coali?ie local? format? din ge?i ?i sci?i a atacat ?i a nimicit complet armata invadatoare. Însu?i generalul Zopyrion a fost ucis în aceast? lupt?.3. Începutul r?zboaielor dintre Lysimah ?i Dromichaetes (sfâr?itul sec. al IV-lea î.Hr.)Context: Dup? moartea lui Alexandru cel Mare, generalul s?u Lysimah a preluat conducerea Traciei ?i a încercat s? î?i extind? st?pânirea la nord de Dun?re.Desf??urarea conflictului: Primele ciocniri violente au izbucnit în ultimele decenii ale secolului al IV-lea î.Hr. Macedonenii au invadat teritoriile getice (Câmpia Român? de ast?zi), îns? ge?ii, condu?i de regele Dromichaetes, au aplicat tactica p?mântului pârjolit ?i a h?r?uirii constante.Rezultat: Sl?bite de foame ?i sete, armatele macedonene au suferit înfrângeri repetate. Conflictul a culminat la începutul secolului urm?tor (cca. 292 î.Hr.) cu capturarea spectaculoas? a lui Lysimah ?i semnarea unei p?ci celebre.4. P?trunderea triburilor celtice în Transilvania (sfâr?itul sec. al IV-lea î.Hr.)Context: Spre finalul secolului al IV-lea î.Hr., triburile celtice (printre care ?i scordiscii) au început o migra?ie masiv? din Europa Central? spre interiorul Arcului Carpatic ?i Peninsula Balcanic?.Desf??urarea conflictului: Intrarea cel?ilor pe teritoriul de ast?zi al Transilvaniei ?i Olteniei nu a fost complet pa?nic?. Descoperirile arheologice indic? conflicte locale violente cu comunit??ile autohtone geto-dace pentru controlul resurselor de sare ?i metale.Rezultat: Dup? faza ini?ial? de confrunt?ri armate, cele dou? popula?ii au ajuns la o coabitare stabil?, cel?ii fiind asimila?i treptat de masa dacic? local?."
3 BC," R?zboaiele dintre Dromihete ?i Lisimah (aprox. 300 – 292 î.Hr.)Acesta este cel mai faimos conflict militar din aceast? perioad?, desf??urat în câmpiile din sudul României (Muntenia/Dobrogea) între ge?ii condu?i de regele Dromihete ?i Regatul Traciei, condus de generalul macedonean Lisimah.Campania din 300 î.Hr.: Lisimah trimite o armat? condus? de fiul s?u, Agatocle, dincolo de Dun?re. Ge?ii ob?in o victorie total?, iar Agatocle este luat prizonier.Campania din 292 î.Hr.: Lisimah conduce personal o uria?? expedi?ie militar? la nord de Dun?re. Armata macedonean? este încercuit? în stepele dobrogene sau muntene din cauza lipsei de ap? ?i hran?. Lisimah este capturat ?i dus în cetatea getic? Helis. Conflictul se încheie cu un tratat de pace celebru, prin care Dromihete îi red? libertatea macedoneanului în schimbul retroced?rii cet??ilor dun?rene.??? Invazia ?i conflictele cu Cel?ii (aprox. 280 – 250 î.Hr.)La începutul secolului al III-lea î.Hr., triburile celtice (gala?ii) au migrat masiv spre Balcani, traversând ?i stabilindu-se pe teritoriul României.În Transilvania: Cel?ii (în special triburile scordiscilor, tauriscilor ?i anar?ilor) s-au ciocnit militar cu comunit??ile dacice locale. De?i au cucerit par?ial podi?ul Transilvaniei, dacii au rezistat în zonele montane, generând un conflict de uzur? care a durat decenii, pân? când cele dou? culturi au început s? convie?uiasc?.În Oltenia ?i Banat: Tribul celtic al scordiscilor a purtat lupte grele ?i repetate cu ge?ii din zonele de câmpie pentru controlul Dun?rii.? Conflictele din Dobrogea ?i Scythia Minor (aprox. 260 – 250 î.Hr.)Zona litoralului românesc al M?rii Negre a fost zguduit? de conflicte între cet??ile grece?ti aliate cu lideri locali ?i marile puteri elenistice.R?zboiul pentru Tomis (aprox. 260 î.Hr.): Cet??ile Callatis (Mangalia) ?i Histria s-au aliat ?i au intrat în conflict cu Byzantionul pentru controlul emporiului (pie?ei comerciale) de la Tomis (Constan?a). Histria ?i Callatis au fost înfrânte în urma interven?iei flotei regelui ptolemeic din Egipt.Presiunea conduc?torilor ge?i: Pe parcursul întregului secol, regii ge?i din Dobrogea (cum ar fi Zalmodegikos sau Rhemaxos) au impus protectorate militare cet??ilor grece?ti, oferindu-le „ap?rare” împotriva altor barbari în schimbul unor sume de bani (tribut), ac?iuni dublate adesea de demonstra?ii de for?? militar?.?? Conflictele cu Bastarnii (sfâr?itul sec. III î.Hr.)Spre finalul secolului al III-lea î.Hr., bastarnii (o popula?ie de origine germanic? sau celto-germanic?) p?trund în nordul Moldovei ?i în Câmpia Român?. Ace?tia au intrat imediat în conflicte teritoriale sângeroase cu triburile geto-dace locale, pe care le-au împins treptat spre sud ?i vest."
2 BC,"1. Conflictele regelui Oroles împotriva bastarnilorLa începutul secolului al II-lea î.Hr., bastarnii (o popula?ie de origine germanic? sau celto-germanic?) au migrat din nordul Europei ?i au p?truns în estul ?i nord-estul teritoriului de azi al României (zona Moldovei).Desf??urare: Regele geto-dac Oroles s-a izbit militar de ace?ti invadatori. Istoricul Trogus Pompeius men?ioneaz? c?, într-o prim? faz?, dacii lui Oroles au fost învin?i. Drept pedeaps? pentru la?itate, regele i-a obligat pe r?zboinici s? spele vasele ?i s? îndeplineasc? sarcinile casnice ale so?iilor lor pân? când ?i-au sp?lat ru?inea, învingându-i ulterior pe bastarni într-o b?t?lie decisiv?.2. Campania lui Rubobostes ?i st?pânirea cel?ilorÎn prima jum?tate a secolului al II-lea î.Hr., vestul ?i nord-vestul României (Transilvania) se aflau par?ial sub influen?a politic? ?i militar? a triburilor celtice (în special scordiscii ?i tauriscii).Desf??urare: Uniunea de triburi condus? de regele dac Rubobostes a declan?at o serie de r?zboaie împotriva cel?ilor. Succesul militar al lui Rubobostes a marcat o schimbare major?: oprirea expansiunii celtice ?i o cre?tere semnificativ? a puterii dacilor în Transilvania, eveniment considerat de istorici un precursor al unific?rii de mai târziu a lui Burebista.3. Conflictele de pe Dun?re ?i atacurile scordiscilorZona de sud a României (Câmpia Român? ?i Dobrogea) a fost ?inta unor incursiuni de jaf repetate din partea scordiscilor (un trib celtic puternic a?ezat în zona Belgradului de ast?zi).Desf??urare: Ace?tia atacau frecvent triburile de ge?i de-a lungul Dun?rii ?i cet??ile grece?ti pontice. Ge?ii din aceste regiuni au fost implica?i în mod constant în ciocniri de ap?rare ?i h?r?uieli de frontier? pentru a-?i proteja a?ez?rile fortificate (davele).Summary: Principalele tabere în conflictZona Geografic?Cine se lupta?Rezultatul istoricMoldova / EstGe?ii (Oroles) vs. BastarniRespingerea ini?ial? a bastarnilor; stabilizarea grani?ei de est.Transilvania / VestDacii (Rubobostes) vs. Cel?iÎnfrângerea cel?ilor; afirmarea puterii militare a dacilor în Ardeal.Dun?re / SudGe?ii vs. Scordiscii (cel?i)Conflicte de uzur? ?i jaf; men?inerea controlului asupra trec?torilor Dun?rii.Aceste r?zboaie din secolul al II-lea î.Hr. au consolidat elitele militare dace, transformând societatea local? într-una extrem de r?zboinic?. Acest proces a preg?tit terenul pentru secolul urm?tor (secolul I î.Hr.), când regele Burebista a reu?it s? uneasc? toate aceste triburi într-un singur mare regat."
1 BC,"1. Campaniile de expansiune ?i unificare ale lui Burebista (aprox. 60–44 î.Hr.)Regele Burebista a unificat triburile geto-dace ?i a creat un stat puternic, purtând r?zboaie sângeroase pe teritoriul de azi al României ?i în zonele limitrofe pentru a-?i elimina rivalii sau invadatorii:R?zboiul împotriva cel?ilor (boii ?i tauriscii): În jurul anului 60–59 î.Hr., Burebista a atacat ?i zdrobit confedera?iile celtice din vestul ?i nord-vestul teritoriului dacic (zona Tisei ?i vestul României de azi). Cel?ii au fost atât de crunt învin?i, încât teritoriul lor a r?mas cunoscut în epoc? drept „pustiul boic”.Campania împotriva bastarnilor ?i sci?ilor: Burebista a purtat lupte în estul României (Moldova) ?i peste Prut pentru a securiza grani?a estic? împotriva acestor popula?ii germanice ?i iraniene.Cucerirea ora?elor grece?ti de pe litoralul Pontului Euxin (55–48 î.Hr.): Burebista a pornit o campanie militar? fulger?toare prin Dobrogea actual?. A asediat ?i cucerit rând pe rând coloniile grece?ti aliate sau aflate sub influen?a Romei: Histria, Tomis (Constan?a), Callatis (Mangalia), mergând pân? la Apollonia (în Bulgaria de azi). Histria a fost par?ial distrus? în urma acestui conflict.2. Implicarea în R?zboiul Civil Roman (48 î.Hr.)Puterea militar? a geto-dacilor de pe teritoriul României a devenit atât de mare, încât Burebista a intervenit direct în politica Romei. În timpul r?zboiului civil dintre Iulius Caesar ?i Pompei, regele dac l-a sprijinit pe Pompei, trimi?ându-i promisiuni de ajutor militar printr-un diplomat numit Acornion din Dionysopolis.Pompei a fost îns? învins la Pharsalus în 48 î.Hr., iar Caesar a planificat o mare campanie militar? de r?zbunare ?i cucerire a Daciei. Conflictul direct de propor?ii nu a mai avut loc, deoarece ambii lideri au fost asasina?i în anul 44 î.Hr.3. Conflictele interne ?i fragmentarea Regatului Dac (dup? 44 î.Hr.)Dup? asasinarea lui Burebista în anul 44 î.Hr., statul dac s-a destr?mat ini?ial în 4, iar mai apoi în 5 regate mai mici, conduse de regi-preo?i (precum Deceneu sau Comosicus) sau lideri locali (ca Dicames, Cotiso, Roles).Aceast? perioad? a fost marcat? de r?zboaie interne de succesiune între diversele forma?iuni statale dace de pe teritoriul României, sl?bind puterea centralizat? a ge?ilor.4. Primele confrunt?ri daco-romane la Dun?re (aprox. 30–10 î.Hr.)Profitând de sl?biciunea dacilor dup? moartea lui Burebista, romanii au început s? î?i extind? influen?a spre Dun?re. Regii daci din zona Dobrogei ?i a Dun?rii de Jos s-au aliat sau s-au b?tut între ei, implicând ?i armata roman?.R?zboiul lui Marcus Licinius Crassus în Dobrogea (29–28 î.Hr.): Generalul roman Crassus (nepotul triumvirului) a intervenit la Dun?re în sprijinul unui rege get local numit Roles, care se afla în conflict cu Dapyx (un alt ?ef get). Romanii au asediat cetatea lui Dapyx ?i ulterior au cucerit ?i pe cea a regelui Zyraxes (Genucla). În urma acestui conflict sângeros, Dobrogea a intrat sub controlul indirect al Romei, devenind treptat parte a sferei de influen?? romane.Incursiunile dacilor transdanubieni: Spre sfâr?itul secolului I î.Hr., iarna, când Dun?rea înghe?a, triburile dace din interiorul arcului carpatic (conduse uneori de regi precum Cotiso) treceau fluviul pentru a pr?da provinciile romane din Balcani (Moesia), generând expedi?ii romane de represalii pe teritoriul de azi al Olteniei ?i Munteniei."
1 AD,"1. Campania generalului Sextus Aelius Catus (aprox. 11–12 d.Hr.)Context: Dup? destr?marea regatului lui Burebista, dacii erau diviza?i în mai multe uniuni de triburi. Ace?tia atacau frecvent provincia roman? Moesia (la sud de Dun?re).Desf??urare: Generalul roman Sextus Aelius Catus a condus o expedi?ie de pedepsire la nord de Dun?re. El a str?mutat for?at aproximativ 50.000 de ge?i în sudul Dun?rii (în Moesia), pentru a-i aduce sub control roman ?i pentru a depopula o zon? folosit? ca baz? de atac.2. Campania lui Plautius Silvanus Aelianus (aprox. 57–67 d.Hr.)Context: În timpul domniei împ?ratului Nero, tensiunile de la grani?a dun?rean? au crescut din cauza mi?c?rilor de popula?ii barbare (sarma?i, bastarni, daci).Desf??urare: Guvernatorul Moesiei, Plautius Silvanus, a intervenit militar la nord de Dun?re. Acesta a pacificat regiunea ?i a str?mutat peste 100.000 de transdanubieni (inclusiv daci, bastarni ?i sarmati) în sudul fluviului, obligându-i s? pl?teasc? tribut Romei.3. R?zboiul daco-roman din timpul lui Domi?ian (85–89 d.Hr.)Acesta a fost cel mai mare conflict al secolului I pe teritoriul României, izbucnit în timpul regelui dac Duras ?i continuat sub conducerea lui Decebal.Atacul dacilor din 85–86 d.Hr.: Dacii au trecut iarna Dun?rea înghe?at?, au devastat Moesia ?i l-au ucis pe guvernatorul Oppius Sabinus.Expedi?ia lui Cornelius Fuscus (87 d.Hr.) – Prima B?t?lie de la Tapae: Împ?ratul Domi?ian a trimis o armat? uria?? la nord de Dun?re, condus? de prefectul pretoriului, Cornelius Fuscus. Armata roman? a c?zut într-o ambuscad? în trec?toarea Tapae (Por?ile de Fier ale Transilvaniei). Dacii au ob?inut o victorie zdrobitoare, Fuscus a fost ucis, iar Legiunea a V-a Alaudae a fost masacrat?, romanii pierzând steagurile ?i ma?inile de r?zboi.Campania lui Tettius Iulianus (88 d.Hr.) – A doua B?t?lie de la Tapae: Romanii au trimis o nou? armat? sub comanda generalului Tettius Iulianus. De data aceasta, romanii au câ?tigat b?t?lia de la Tapae, provocând pierderi mari dacilor, dar nu au putut înainta spre capitala Sarmizegetusa Regia din cauza dificult??ii terenului ?i a altor revolte barbare la grani?ele imperiului.Pacea din 89 d.Hr.: Domi?ian ?i Decebal au încheiat o pace de compromis. Decebal devenea client al Romei, primind subsidii în bani, me?teri militari ?i ingineri de la romani, resurse pe care le-a folosit pentru a-?i fortifica regatul înaintea r?zboaielor inevitabile cu Traian din secolul urm?tor (101-106 d.Hr.)."
2 AD,"1. R?zboaiele Daco-Romane (101–102 ?i 105–106 d.Hr.)Au fost cele mai masive ?i distrug?toare r?zboaie din aceast? perioad?, purtate între Imperiul Roman (condus de împ?ratul Traian) ?i Regatul Dac (condus de regele Decebal).Primul R?zboi Daco-Roman (101–102 d.Hr.): Traian a traversat Dun?rea pentru a neutraliza puterea militar? a dacilor.B?t?lia de la Tapae (101 d.Hr.): Trupele romane ob?in o victorie grea în fa?a dacilor la „Por?ile de Fier ale Transilvaniei”.B?t?lia de la Adamclisi (iarna 101–102 d.Hr.): Desf??urat? în Dobrogea actual?. O contraofensiv? de amploare a dacilor alia?i cu sarma?ii roxolani la sudul Dun?rii este zdrobit? de Traian. R?zboiul se încheie cu o pace provizorie în 102 d.Hr.Al Doilea R?zboi Daco-Roman (105–106 d.Hr.): Declan?at dup? ce Decebal a înc?lcat condi?iile p?cii din 102.Romanii atac? pe mai multe fronturi, asediaz? ?i distrug capitala Sarmizegetusa Regia. Decebal se sinucide pentru a nu c?dea prizonier, iar o mare parte a Daciei devine provincie roman?.2. Conflictele de dup? cucerire ?i revoltele dacilor (117–118 d.Hr.)Moartea împ?ratului Traian în anul 117 d.Hr. a declan?at o criz? major? la frontierele noii provincii Dacia.Atacurile dacilor liberi ?i ale iazigilor: Dacii r?ma?i în afara grani?elor Imperiului (dacii liberi), în alian?? cu triburile sarmate (iazigii din Câmpia de Vest ?i roxolanii din Moldova/Muntenia), au atacat violent provincia Dacia.Guvernatorul provinciei, Gaius Julius Quadratus Bassus, este ucis în lupte. Noul împ?rat, Hadrian, vine personal pe Dun?re pentru a gestiona criza, reorganizând administrativ ?i militar regiunea pentru a respinge invaziile.3. R?zboaiele Marcomanice (cca. 166–180 d.Hr.)În timpul domniei împ?ratului Marcus Aurelius, o coali?ie uria?? de triburi germanice ?i sarmate (marcomani, cvazi, iazigi, bastarni, daci liberi) a atacat frontierele Imperiului Roman, inclusiv Dacia.Teritoriul Transilvaniei ?i Banatului a fost puternic afectat de incursiunile iazigilor ?i ale dacilor liberi (costobocii).Invazia costobocilor (170 d.Hr.): Dacii liberi din nordul ?i nord-estul României de azi (costobocii) au str?puns liniile romane, au devastat Dacia ?i au coborât prin Balcani pân? în Grecia.Romanii au reu?it cu greu s? stabilizeze situa?ia, transformând Dacia într-o zon? puternic militarizat? (atunci a fost adus? Legiunea a V-a Macedonica la Potaissa – Turda de ast?zi)."
3 AD,"1. Atacurile carpilor ?i ale dacilor liberi (anii 214–248)Dacii liberi (în special carpii din zona Moldovei de azi ?i costobocii) au profitat de sl?birea Romei ?i au atacat în mod repetat garnizoanele romane din Dacia ?i Moesia (Dobrogea ?i Bulgaria de azi).R?zboiul din timpul lui Maximin Tracul (236–238): Împ?ratul roman vine personal pe linia Dun?rii ?i în Dacia pentru a respinge atacurile violente ale carpilor ?i ale sarmatilor iazigi.Invazia din 245–247: Carpii au declan?at o ofensiv? masiv?, distrugând fortifica?iile romane de pe Limes Transalutanus (linia defensiv? din Muntenia). Împ?ratul Filip Arabul a fost nevoit s? vin? în Dacia pentru a purta lupte grele. De?i i-a învins ?i a primit titlul de Carpicus Maximus, romanii au evacuat definitiv aceast? linie defensiv?, retr?gându-se la vest de râul Olt.2. Marile invazii ale go?ilor ?i coali?iilor barbare (anii 248–270)Mijlocul secolului al III-lea aduce în regiune un nou ?i formidabil inamic: go?ii. Ace?tia au realizat vaste confedera?ii de triburi germane ?i dacice, atacând pe dou? fronturi majore (teritoriul intracarpatic ?i Dobrogea).Asediul Sarmizegetusei (cca. 248–249): O uria?? armat? confederat? format? din go?i, carpi, taifali ?i bastarni a trecut Prutul ?i Nistrul. Un corp de oaste a p?truns adânc în Transilvania, asediind ?i provocând mari distrugeri capitalei provinciei, Ulpia Traiana Sarmizegetusa.R?zboaiele Scitice în Dobrogea (Scythia Minor): Dobrogea de ast?zi a fost devastat? prin atacuri maritime ?i terestre organizate de go?i ?i heruli. Ora?e înfloritoare precum Histria, Tomis (Constan?a) ?i Callatis (Mangalia) au fost asediate sau distruse par?ial în repetate rânduri.B?t?lia de la Naissus (269): De?i s-a dat la sud de Dun?re (în Serbia de azi), aceast? mare victorie a împ?ratului Claudius al II-lea (Gothicus) împotriva unei coali?ii de peste 300.000 de go?i ?i heruli a salvat temporar ?i provinciile de pe teritoriul României de la o distrugere complet?.3. Conflictul final ?i Retragerea Aurelian? (271–275)Împ?ratul Aurelian a reu?it s? ob?in? ultimele victorii de r?sunet împotriva carpilor ?i go?ilor la nord de Dun?re în anul 271.Cu toate acestea, realizând c? provincia Dacia era mult prea expus?, m?cinat? de decenii de r?zboaie ?i imposibil de ap?rat pe termen lung, a luat decizia strategic? de a ordona Retragerea Aurelian? (271–275 d.Hr.).Armata roman? ?i administra?ia au p?r?sit definitiv teritoriul de la nord de Dun?re, mutând grani?a Imperiului pe fluviu. Fosta provincie a fost ocupat? treptat de vizigo?i, carpi ?i taifali."
4 AD,"1. Campaniile lui Constantin cel Mare la nord de Dun?re (315–332)Dup? retragerea aurelian? din Dacia, romanii au p?strat capete de pod la nordul fluviului. Împ?ratul Constantin cel Mare a declan?at o serie de ofensive majore pentru a-?i securiza frontiera ?i a pedepsi triburile migratoare:Campaniile împotriva go?ilor ?i carpilor (315–323): Armata roman? trece Dun?rea ?i poart? lupte grele în Oltenia ?i Muntenia actual?, respingând atacurile acestor popula?ii.R?zboiul sarmatic ?i gotic din 332: Constantin cel Mare ob?ine o victorie zdrobitoare împotriva go?ilor (tervingi) în bazinele râurilor Mure? ?i Olt. În urma acestui conflict, go?ii semneaz? un tratat de pace (foedus), devenind alia?i (foederati) ai Romei ?i asigurând o perioad? de lini?te la frontier?.2. R?zboaiele împ?ratului Valens împotriva go?ilor (367–369)Pacea a fost înc?lcat? când go?ii de la nord de Dun?re au sprijinit un pretendent la tronul imperial. Împ?ratul roman de R?s?rit, Valens, a organizat expedi?ii punitive masive în spa?iul nord-dun?rean:Campania din 367: Armata roman? trece Dun?rea pe un pod de vase pe la Daphne (lâng? Olteni?a) ?i devasteaz? teritoriile tervingilor, dar ace?tia se retrag în Mun?ii Carpa?i (probabil în Buz?u/Vrancea) pentru a evita o b?t?lie decisiv?.Campania din 369: Valens atac? din nou, traversând pe la Noviodunum (Isaccea, în Dobrogea). Romanii ob?in o serie de victorii locale împotriva r?zboinicilor condu?i de Athanaric, judec?torul suprem al go?ilor. Conflictul se încheie în toamna anului 369 prin faimosul tratat de pace semnat de Valens ?i Athanaric direct pe o corabie, la mijlocul Dun?rii.3. R?zboiul civil gotic ?i invazia hunilor (cca. 370–376)Ultima parte a secolului a adus o destabilizare sângeroas? în interiorul teritoriului actual al României, marcat? de schimb?ri geopolitice majore:R?zboiul civil dintre Athanaric ?i Fritigern (cca. 370–375): În rândul vizigo?ilor a izbucnit un conflict intern violent. Fritigern, liderul fac?iunii convertite la cre?tinismul arian, s-a r?zboit cu p?gânul Athanaric pentru conducerea triburilor din Câmpia Român?. Fritigern a primit ajutor militar de la romani din sudul Dun?rii, m?cinând for?ele lui Athanaric.Invazia hunilor (376): Un nou inamic nomad din stepele asiatice, hunii, atac? violent st?pânirile gotice de la est ?i nord de Carpa?i. Athanaric încearc? s? organizeze o linie de ap?rare fortificat? pe aliniamentul râului Prut sau Siret (atribuit? uneori valurilor de p?mânt istorice din Moldova), dar este înfrânt rapid.Urmarea direct?: Panica?i de brutalitatea hunilor, sute de mii de go?i condu?i de Fritigern s-au refugiat în anul 376 la grani?a Dun?rii, cerând azil în Imperiul Roman (eveniment ce va duce la faimoasa B?t?lie de la Adrianopol din 378). Athanaric s-a retras temporar cu o mic? armat? în Caucaland (regiunea muntoas? a Carpa?ilor Orientali/Transilvania), înainte de a fugi ?i el definitiv la Constantinopol."
5 AD,"1. Expansiunea ?i domina?ia Hunilor (pân? în 453)La începutul secolului al V-lea, hunii î?i stabilesc centrul puterii în Câmpia Panonic? ?i controleaz? militar teritorii vaste, inclusiv Banatul, Cri?ana, Transilvania ?i Muntenia.Campaniile lui Attila la Dun?re: Sub conducerea lui Attila (434–453), hunii au lansat atacuri devastatoare asupra provinciilor Imperiului Roman de R?s?rit de-a lungul Dun?rii (linia Moesia ?i Dobrogea de ast?zi). Ora?e fortificate importante din Dobrogea (Scythia Minor) au fost asediate, jefuite sau par?ial distruse în anii 441–447 pentru a for?a Constantinopolul s? pl?teasc? subsidii uria?e.2. B?t?lia de la râul Nedao (454) ?i revolta gepizilorImediat dup? moartea lui Attila în 453, imperiul hun s-a destr?mat în urma unei revolte masive a popoarelor germanice vasale, conduse de gepizi.Conflictul: B?t?lia decisiv? a avut loc în anul 454 (localizat? istoric pe un afluent al Dun?rii sau în zona panonico-b?n??ean?). Ardaric, regele gepizilor, i-a învins pe fiii lui Attila.Urm?rile pe teritoriul României: În urma acestei victorii militare, gepizii au preluat controlul teritorial asupra Transilvaniei ?i Banatului, instalându-?i aici nucleul regatului lor (Regatul Gepid).3. Conflictele Ostrogo?ilor ?i stabilirea în regiuneOstrogo?ii, un alt neam germanic eliberat de sub huni, s-au aflat în dispute teritoriale constante cu gepizii ?i cu Imperiul Roman de R?s?rit.Timp de câteva decenii în a doua jum?tate a secolului al V-lea, grupuri masive de ostrogo?i (inclusiv sub conducerea lui Teodoric cel Mare, înainte de a pleca spre Italia) au controlat sau au atacat regiuni din vestul ?i sudul României actuale, generând ciocniri locale frecvente cu gepizii pentru rutele de jaf ?i p??unat.4. Conflictele de pe Limesul Dun?rean (Scythia Minor / Dobrogea)Spre deosebire de restul ??rii, unde administra?ia roman? fusese abandonat?, Dobrogea a r?mas sub controlul Imperiului Roman de R?s?rit (Bizantin).Regiunea a fost o zon? permanent? de r?zboi defensiv. Trupele romano-bizantine au respins valuri succesive de atacatori migratori (r?m??i?e de huni, uzi, sciri, heruli ?i primele incursiuni proto-bulgare de la sfâr?itul secolului). Fortifica?iile de pe Dun?re (precum cele de la Capidava, Histria sau Dinogetia) au fost frecvent atacate ?i reconstruite în aceast? perioad?."
6 AD,"1. Incursiunile slabe ?i proto-bulgare la Dun?re (Prima jum?tate a sec. VI)Context: Începând cu domnia lui Iustin I ?i atingând apogeul sub Iustinian I (527–565), triburile slave (Antii ?i Sclavenii) al?turi de popula?ii turanice (anticii bulgari sau kutriguri) atac? sistematic linia Dun?rii.Conflictele: Teritoriul Munteniei, Olteniei ?i Dobrogei actuale a fost transformat în zon? de r?zboi. Generalul bizantin Chilbudios, numit comandant al Thraciei în 530, a trecut de mai multe ori la nord de Dun?re (pe teritoriul de azi al României) pentru a purta lupte de represalii directe în a?ez?rile slabe, pân? când a fost învins ?i ucis în lupt? (aproximativ în anul 533).Urm?ri: Pentru a opri aceste atacuri, Iustinian reconstruie?te masiv fort?re?ele de pe malul românesc al Dun?rii, precum Lederata, Sucidava (Celei) ?i Drobeta.2. R?zboiul gepido-lombard ?i ascensiunea avarilor (Anul 567)Context: În interiorul arcului carpatic, în Transilvania ?i în Banat, era consolidat Regatul Gepizilor (popula?ie germanic?).Conflictul: În anul 567, are loc un conflict militar major cu consecin?e europene. Conduc?torul longobard Alboin se aliaz? cu Kaganatul Avar (condu?i de Kaganul Baian) pentru a-i distruge pe gepizi.Urm?ri: Gepizii sunt zdrobi?i militar pe teritoriul Transilvaniei ?i al Panoniei. Locul lor este luat de avari, care devin cea mai mare for?? militar? din regiune, controlând politic teritoriile intracarpatice ?i cele din vestul României de ast?zi.3. R?zboaiele bizantino-avare ?i invaziile din Dobrogea (A doua jum?tate a sec. VI)Context: Avarii, alia?i adesea cu slavii, î?i îndreapt? atacurile spre Imperiul Bizantin. Dobrogea devine una dintre principalele por?i de invazie.Conflictele: În anii 580–587, avarii ?i slavii asediaz? ?i distrug par?ial marile ora?e fortificate din Dobrogea de ast?zi (Durostorum, Tropaeum Traiani, Histria, Tomis, Dinogetia).Campaniile împ?ratului Mauriciu (591–602): Împ?ratul bizantin Mauriciu refuz? s? mai pl?teasc? tribut avarilor ?i mut? r?zboiul la nord de Dun?re. Generalii s?i, Priscus ?i Petru (fratele împ?ratului), trec fluviul în zona Munteniei ?i Dobrogei, ob?inând victorii militare importante împotriva slaviilor ?i avarilor chiar pe teritoriul actual al României (de exemplu, b?t?liile din zona râului Ialomi?a sau în apropiere de Dun?re în anii 593 ?i 601–602).Consecin?a final? (Anul 602)În toamna anului 602, armata bizantin? cantonat? la Dun?re prime?te ordinul de a ierna la nord de fluviu, în teritoriul inamic (pe p?mânt românesc). Solda?ii se revolt?, condu?i de centurionul Phocas, p?r?sesc frontiera ?i pornesc spre Constantinopol pentru a-l detrona pe împ?rat. Acest eveniment marcheaz? pr?bu?irea ireversibil? a limesului dun?rean, deschizând calea a?ez?rii masive a slavilor în Peninsula Balcanic? ?i modificând definitiv harta etnic? a regiunii."
7 AD,"1. Pr?bu?irea Limesului Dun?rean ?i invaziile avaro-slave (602 – 626)Contextul: În anul 602, armata bizantin? de la Dun?re s-a r?sculat împotriva împ?ratului Mauriciu, p?r?sind grani?a. Acest eveniment a l?sat Dobrogea ?i restul teritoriului complet expuse.Desf??urarea: În primele decenii ale secolului VII, Avarii (centra?i în Câmpia Panonic?) ?i Slavii (stabili?i în num?r mare pe teritoriul de la nord de Dun?re, inclusiv în Moldova, Muntenia ?i Transilvania) au declan?at atacuri devastatoare.Impactul pe teritoriul românesc: Fort?re?ele romano-bizantine din Dobrogea (cum ar fi Histria, Tomis, Dinogetia sau Tropaeum Traiani) au suferit asedii ?i distrugeri violente. Multe dintre ele au fost definitiv abandonate sau ruralizate în primele decenii ale secolului VII. Teritoriul României a servit drept baz? de opera?iuni ?i coridor de trecere pentru atacurile avaro-slave masive care au culminat cu Asediul Constantinopolului din 626.2. Dislocarea puterii Avarilor ?i conflictele interne (dup? 626)Dup? e?ecul asediului din 626 de la Constantinopol, autoritatea Hanatului Avar s-a cl?tinat.Pe teritoriul Transilvaniei ?i în zonele de vest ale României, au avut loc conflicte de uzur? între avari ?i triburile slave sau popula?iile locale care încercau s? scape de sub hegemonia nomad?. Arheologia atest? în Transilvania distrugeri ?i schimb?ri de culturi materiale specifice acestei perioade de instabilitate politic?.3. Apari?ia Bulgarilor ?i B?t?lia de la Ongal (680)Contextul: În a doua jum?tate a secolului VII, triburile protobulgarilor, conduse de hanul Asparuh, au migrat din nordul Marii Negre spre gurile Dun?rii (zona Deltei Dun?rii ?i a Basarabiei istorice).B?t?lia de la Ongal (680): Împ?ratul bizantin Constantin al IV-lea a organizat o expedi?ie militar? masiv? pe ap? ?i pe uscat pentru a-i neutraliza. Confruntarea a avut loc în zona fortificat? Ongal (localizat? de istorici în arealul Deltei Dun?rii / nordul Dobrogei / sudul Basarabiei). Bulgarii, folosind tactici defensive în zonele ml??tinoase, au zdrobit armata bizantin?.Consecin?e: În urma acestei victorii militare ob?inute direct pe/lâng? teritoriul românesc, bulgarii au trecut Dun?rea, au cucerit teritorii bizantine ?i au pus bazele Primului Imperiu Bulgar (681), controlând pentru o perioad? ?i zonele de câmpie de la nord de Dun?re (Muntenia ?i sudul Moldovei).4. Rezisten?a ?i adaptarea comunit??ilor locale (Daco-Romanii)Popula?ia autohton? nu dispunea de o armat? centralizat?, fiind organizat? în comunit??i locale (obstii s?te?ti, primele forme de „romanii” populare).Conflictele acestora cu migratorii au fost preponderent de autoap?rare local?. Localnicii s-au retras frecvent în zonele muntoase ?i împ?durite ale Carpa?ilor pentru a evita rutele de invazie, generând un amestec etno-cultural complex cu slavii r?ma?i la nord de Dun?re, proces ce a dus la definitivarea etnogenezei române?ti"
8 AD,"1. Extinderea Hanatului Bulgar ?i conflictele bizantino-bulgare (Dobrogea ?i Sudul ??rii)La sfâr?itul secolului al VII-lea (anul 681), proto-bulgarii condu?i de hanul Asparuh s-au stabilit la sud de Dun?re, punând bazele Primului Hanat Bulgar.Controlul asupra Dobrogei ?i Munteniei: În secolul al VIII-lea, Dobrogea ?i regiunile de câmpie din stânga Dun?rii au devenit teatre de opera?iuni ?i zone de dispute militare între bulgari ?i bizantini. Hanul Tervel (700–721) a consolidat grani?ele statului.Campaniile împ?ratului Constantin al V-lea (741–775): Acesta a organizat nu mai pu?in de nou? campanii militare împotriva bulgarilor. Multe dintre aceste înfrunt?ri s-au desf??urat în zona Dun?rii de Jos (inclusiv Dobrogea), flotele bizantine navigând pe Dun?re ?i pe mare pentru a ataca taberele bulgare ?i aliate (slavi). Un exemplu marcant este B?t?lia de la Anchialos (763), care de?i s-a dat mai la sud, a reconfigurat controlul militar din întreaga regiune pontic? ?i dobrogean?.2. Domina?ia ?i declinul Kaganatului Avar (Transilvania ?i Banat)În vestul ?i centrul României de ast?zi (Transilvania, Banat, Cri?ana), secolul al VIII-lea a coincis cu perioada târzie a Kaganatului Avar.Conflictele de frontier?: Avarii controlau politic popula?ia sedentar? (slavi ?i comunit??i romanice/protoromâne). În aceast? perioad? au existat numeroase ciocniri de intensitate mic? ?i medie la grani?ele kaganatului.Presiunea franc? ?i distrugerea Kaganatului: De?i campaniile decisive ale lui Carol cel Mare (Carol Magni) au avut loc la sfâr?itul secolului al VIII-lea (începând cu 791) ?i începutul secolului al IX-lea, destabilizarea intern? a avarilor din cauza r?zboaielor civile ?i a presiunilor externe a generat conflicte violente care au cuprins ?i vestul Transilvaniei sau Banatul, ducând la pr?bu?irea puterii avare ?i deschiderea teritoriului c?tre expansiunea bulgar? de mai târziu.3. Conflictele de asimilare ?i ap?rare ale comunit??ilor locale (S?r?turile arheologice)Din punct de vedere arheologic, secolul al VIII-lea pe teritoriul României este definit de culturi precum Ipote?ti-Cânde?ti sau Dridu (care începe s? se contureze spre finalul secolului).Popula?ia local? protoromân? (atestat? prin a?ez?ri rurale ?i cultur? material? specific?) se afla adesea prins? la mijloc în incursiunile de prad? ale triburilor slave ?i nomade.Lipsa unor izvoare scrise detaliate („veacurile întunecate” ale istoriografiei) face ca b?t?liile purtate de liderii locali (cnezi sau juzi timpurii) s? nu fie consemnate cu nume proprii de cronicari, îns? descoperirile de arme, fortifica?ii de p?mânt (palisade) ?i a?ez?ri incendiate din aceast? epoc? demonstreaz? o stare de conflict endemic defensiv.Rezumatul h?r?ii militare din sec. VIII:RegiuneaPrincipalii actori militariTipul de conflictDobrogea & Oltenia/MunteniaBulgari vs. Imperiul BizantinR?zboaie teritoriale pentru controlul Dun?riiTransilvania & BanatAvari vs. Slavi/Popula?ii localeConflicte de supunere ?i fragmentare politic?MoldovaTriburi slave (Ante/Sclaveni) & Khazari (presiune din est)Incursione de migra?ie ?i extindere a sferelor de influen??"
9 AD,"1. Confrunt?rile cu migratorii maghiari (sfâr?itul secolului al IX-lea)La sfâr?itul secolului al IX-lea (în jurul anului 896), triburile maghiare p?trund în Bazinul Carpatic. Cronica medieval? Gesta Hungarorum (Faptele ungurilor) men?ioneaz? rezisten?a armat? a primelor forma?iuni politice române?ti:Voievodatul lui Gelu (Transilvania central?): Gelu, numit „duce al românilor” (dux Blachorum), a refuzat s? cedeze p?mânturile. Acesta a purtat b?t?lii violente împotriva c?peteniei maghiare Tuhutum, fiind în cele din urm? înfrânt ?i ucis lâng? râul C?pu?.Voievodatul lui Menumorut (Cri?ana): O?tile lui Menumorut au înfruntat trupele trimise de liderul Árpád. Conflictul s-a concentrat în jurul asediului cet??ii Biharea. Menumorut a rezistat ini?ial, stabilind ulterior o pace prin alian?? dinastic?.Voievodatul lui Glad (Banat): Glad a condus o armat? format? din vlahi, slavi ?i bulgari împotriva invadatorilor. Luptele principale s-au dat la vadurile râurilor Mure? ?i Timi?.2. Conflictele legate de Primul Imperiu BulgarLa începutul ?i mijlocul secolului al IX-lea, hanul bulgar Krum ?i succesorul s?u, Omurtag, î?i extind autoritatea la nord de Dun?re:Revolta triburilor locale: În anul 824, Analele Regale Franceze noteaz? c? triburile din Dacia dun?rean? (precum obotri?ii/praedenecen?ii) s-au ridicat la lupt? ?i au c?utat alian?e externe (cu Imperiul Carolingian) pentru a sc?pa de sub suzeranitatea bulgar?.Luptele pentru resurse: Sudul Transilvaniei ?i Banatul au fost zone de conflict armat direct din cauza controlului asupra minelor de sare ?i aur, disputate între bulgari ?i structurile locale.3. Invaziile pecenegilor în est ?i sudÎn a doua jum?tate a secolului al IX-lea, regiunile din afara arcului carpatic (Moldova ?i Muntenia de ast?zi) devin teatre de r?zboi din cauza pecenegilor:Dislocarea maghiarilor din Etelköz: Pecenegii lanseaz? atacuri devastatoare în spa?iul dintre Nistru, Prut ?i Siret.Presiunea asupra popula?iei autohtone: Aceste incursiuni de prad? au generat conflicte locale sângeroase cu comunit??ile sedentare din regiune, for?ând mut?ri de popula?ii ?i fortificarea a?ez?rilor."
10 AD,"1. Cucerirea forma?iunilor politice (ducate/voievodate) din Transilvania ?i BanatLa începutul secolului al X-lea, triburile maghiare a?ezate în Panonia au început atacurile spre est, intrând în conflict cu liderii locali men?iona?i în Gesta Hungarorum:Conflictul cu Voievodatul lui Glad (Banat): Glad, care conducea un teritoriu între Dun?re, Mure? ?i Tisa, a opus rezisten?? armatei maghiare conduse de c?peteniile Zuard, Cadusa ?i Glad (nepotul lui Tuhutum). Glad a strâns o armat? format? din români, bulgari ?i pecenegi, îns? a fost învins în b?t?lia de pe râul Timi?. Ulterior, el a fost nevoit s? cear? pace ?i s? accepte o form? de suzeranitate.Conflictul cu Voievodatul lui Gelu (Transilvania propriu-zis?): Tuhutum, o alt? c?petenie maghiar?, a atacat teritoriul condus de „Gelu, un anumit român” (Gelou quidam Blacus). Armata lui Gelu, slab echipat?, a fost învins? în b?t?lia de pe râul Alma? (în jude?ul S?laj de ast?zi). Gelu a încercat s? se retrag? spre fort?rea?a sa de pe Some? (probabil D?bâca), dar a fost prins ?i ucis de c?l?re?ii maghiari.Conflictul cu Voievodatul lui Menumorut (Cri?ana): Menumorut, care st?pânea teritoriul dintre Mure? ?i Some?, având centrul la cetatea Biharia, a respins ini?ial cererile de supunere ale maghiarilor. Cet??ile sale (S?cueni, Satu Mare) au fost asediate. Dup? un asediu de 13 zile asupra cet??ii Biharia, Menumorut a fost nevoit s? accepte pacea, oferindu-?i fiica în c?s?torie fiului liderului maghiar Árpád.2. R?zboaiele bizantino-ruse ?i bizantino-bulgare la Dun?rea de Jos (Dobrogea)În a doua jum?tate a secolului al X-lea, Dobrogea ?i gurile Dun?rii au devenit un teatru de r?zboi sângeros între marile puteri ale epocii:Invazia cneazului Sviatoslav I al Kievului (968–971): Împ?ratul bizantin Nichifor al II-lea Focas l-a pl?tit pe cneazul rus Sviatoslav s? atace ?aratul Bulgar. Sviatoslav a invadat teritoriul de la Dun?re, cucerind numeroase cet??i (inclusiv Pereiaslave?, identificat probabil cu Nuf?ru sau?? Tulcea) ?i decizând s? î?i mute capitala acolo.Campania împ?ratului Ioan I Tzimiskes (971): Realizând pericolul unei prezen?e ruse?ti masive la Dun?re, noul împ?rat bizantin a pornit o contraofensiv? fulger?toare. Armata bizantin? a asediat cetatea Dristor (Silistra, la grani?a actual? a României) unde se refugiase Sviatoslav. Dup? lupte grele pe uscat ?i pe Dun?re (unde bizantinii au folosit focul grecesc), ru?ii au fost învin?i ?i s-au retras, iar Dobrogea a reintrat sub controlul direct al Imperiului Bizantin, fiind organizat? sub forma Themei Mesopotamia Apusului.3. Raidurile nomade (Pecenegii ?i Ungurii)Atacurile pecenegilor: În secolul al X-lea, pecenegii (un popor nomad turcic) s-au stabilit în stepele din nordul M?rii Negre ?i în regiunile extracarpatice (Moldova ?i Muntenegru de ast?zi). Ace?tia au întreprins numeroase expedi?ii de jaf ?i conflicte de frontier? atât împotriva bulgarilor ?i bizantinilor, cât ?i împotriva popula?iilor locale române?ti. De multe ori, pecenegii au fost folosi?i ca mercenari în conflictele dintre cnezi sau ?ari."
11 AD,"1. Expansiunea maghiar? ?i rezisten?a voievodatelor din Transilvania ?i BanatLa începutul secolului, Regatul Ungariei î?i extinde autoritatea la est de Tisa prin eliminarea forma?iunilor politice locale:Campania împotriva lui Gyula al III-lea (1003): Regele ?tefan I al Ungariei atac? voievodatul condus de Gyula (Iuliu cel Tân?r) cu centrul la Alba Iulia. Gyula este luat prizonier, iar teritoriul s?u este anexat.R?zboiul împotriva lui Ahtum (aprox. 1003–1028): Regele ?tefan I trimite o armat? condus? de generalul Csanád împotriva voievodatului lui Ahtum din Banat. Ahtum este ucis în lupt?, iar re?edin?a sa de la Morisena este cucerit?.2. Invaziile nomade în arcul carpaticB?t?lia de la Chirale? (1068): Reprezint? una dintre cele mai r?sun?toare ciocniri militare din Transilvania medieval? timpurie. O armat? mare de pecenegi ?i uzi p?trunde în Transilvania ?i Bihor pentru jaf. La întoarcere, migratorii sunt prin?i ?i zdrobi?i complet în apropierea localit??ii Chirale? (azi în jude?ul Bistri?a-N?s?ud) de trupele regelui Solomon ?i ale prin?ilor Géza ?i Ladislau.3. Conflictele bizantino-nomade ?i mi?c?rile autonomiste din DobrogeaDobrogea, organizat? de Imperiul Bizantin sub forma temei Paristrion (Paradunavon), devine un teatru de r?zboi permanent:Marea invazie a pecenegilor (1048): Peste 80.000 de pecenegi condu?i de hanul Tyrah trec Dun?rea înghe?at?, declan?ând un conflict devastator cu garnizoanele bizantine ?i cu fac?iunea rival? a pecenegului Kegen. Bizan?ul este obligat s? le permit? a?ezarea în zon?.Revolta conduc?torilor locali (anii 1070–1080): Popula?ia din Dobrogea (un amestec de români, pecenegi asimila?i ?i bulgari) se r?scoal? împotriva abuzurilor fiscale ale Constantinopolului. Sunt atesta?i trei conduc?tori locali care preiau controlul unor fort?re?e dun?rene ?i duc lupte cu bizantinii: Tatos (la Silistra), Sestlav (la Vicina) ?i Sa?a. Confrunt?rile se încheie abia spre sfâr?itul secolului, când împ?ratul Alexie I Comnen restabile?te autoritatea imperial?."
12 AD,"Cucerirea ?i consolidarea st?pânirii maghiare în TransilvaniaAvansul spre interiorul arcului carpatic: Regatul Ungariei î?i extinde treptat controlul militar spre estul ?i sudul Transilvaniei. Pentru a-?i securiza noile frontiere în fa?a nomazilor, regii maghiari folosesc fortifica?ii de p?mânt ?i lemn ?i încep colonizarea secuilor ?i a sa?ilor.Rezisten?a local?: Procesul de cucerire a întâmpinat rezisten?? din partea forma?iunilor politice locale (bannate, cnezate ?i voievodate române?ti sau enclave pecenego-cumane), obligând coroana maghiar? s? men?in? o prezen?? militar? constant?.Invaziile cumanilor ?i pecenegilorRaidurile de prad?: Cumanii, a?eza?i în zonele de câmpie de la sud ?i est de Carpa?i (Muntenia ?i Moldova de azi), au lansat atacuri repetate peste mun?i în Transilvania ?i peste Dun?re în Imperiul Bizantin.B?t?liile de frontier?: Zonele montane ?i trec?torile Carpa?ilor au fost teatrul unor h?r?uieli constante între garnizoanele maghiare/secuie?ti ?i c?l?re?ii nomazi.Conflictele bizantino-maghiare la Dun?reCampaniile din zona Banatului ?i Dobrogei: Dun?rea a reprezentat o linie de front fierbinte între Regatul Ungariei ?i Imperiul Bizantin.R?zboiul din 1127–1129: Regele ?tefan al II-lea al Ungariei a atacat Imperiul Bizantin, distrugând Belgradul ?i Brani?evo. Bizantinii au r?spuns printr-o contraofensiv? puternic?, controlând militar pentru scurt timp zone de la Dun?rea de Jos ?i din Banat.Campaniile împ?ratului Manuel I Comnen (1151–1156): Împ?ratul bizantin a condus expedi?ii militare în regiunea Dun?rii de Mijloc ?i de Jos pentru a pedepsi incursiunile maghiare ?i pentru a-?i securiza grani?a nordic?, transformând regiunile de frontier? (inclusiv p?r?i din Banat ?i Dobrogea) în zone de r?zboi active.R?scoala As?ne?tilor ?i implicarea la nord de Dun?re (1185)Baza de opera?iuni din Muntenia: În secolul al XII-lea, Dobrogea era sub st?pânire bizantin?, iar teritoriul de la nord de Dun?re era controlat par?ial de vlahi (români) ?i cumani.Sprijinul militar: În timpul revoltei fra?ilor Petru ?i Asan împotriva Bizan?ului (care a dus la crearea Imperiului Vlaho-Bulgar), teritoriul de la nord de Dun?re (Muntenia de azi) a servit ca loc de refugiu ?i baz? de recrutare pentru armatele de vlahi ?i cumani, care treceau fluviul pentru a ataca garnizoanele bizantine."
13 AD,"1. Marea Invazie Mongol? (T?tar?) din 1241–1242Acesta a fost cel mai distructiv conflict militar al secolului. Armatele mongole conduse de Batu Han ?i Subutai au atacat teritoriul românesc pe mai multe coloane:În Moldova ?i Muntenia: Trupele mongole au zdrobit rezisten?a local? (inclusiv a cumanilor ?i a vlahilor) ?i au distrus a?ez?rile din calea lor.În Transilvania: Mongolii au p?truns prin pasurile Carpa?ilor (Rodna, Bârg?u, Oituz). Ora?e înfloritoare precum Rodna, Bistri?a, Sibiu ?i Alba Iulia au fost asediate, cucerite ?i complet distruse.Consecin?e: Popula?ia a fost decimat?, iar structurile politice timpurii au fost grav afectate, creând îns?, pe termen lung, un vid de putere care a facilitat ulterior formarea statelor medievale române?ti.2. Conflictele româno-maghiare ?i expansiunea în TransilvaniaRegatul Ungariei a continuat s? î?i consolideze st?pânirea în Transilvania, lovindu-se de rezisten?a localnicilor sau de nesupunerea propriilor vasali:Revolta cneazului Litovoi (1277–1279): Voievodul român Litovoi, care st?pânea un teritoriu în Oltenia ?i probabil în sudul Transilvaniei, a refuzat s? mai pl?teasc? tribut regelui maghiar Ladislau al IV-lea ?i a ocupat p?mânturi ale coroanei. În b?t?lia care a urmat, Litovoi a murit pe câmpul de lupt?, iar fratele s?u, B?rbat, a fost luat prizonier ?i r?scump?rat pentru o sum? mare de bani.Revoltele sa?ilor ?i secuilor: Coloniza?i de Coroana Maghiar? pentru a ap?ra grani?ele, sa?ii ?i secuii s-au r?scultat în repetate rânduri împotriva abuzurilor voievozilor Transilvaniei sau ale episcopiei de Alba Iulia (de exemplu, revolta sa?ilor condu?i de Gylul din 1277, care au ars catedrala din Alba Iulia).3. Alte invazii t?tare de la sfâr?itul secoluluiDup? marea invazie, Hoarda de Aur a continuat s? atace regiunea:Invazia din 1285: Cunoscut? ca „a doua invazie mongol?”, aceasta a lovit din nou Transilvania ?i spa?iul extracarpatic. De data aceasta, armatele maghiare ?i forma?iunile locale erau mai bine preg?tite, iar mongolii au fost învin?i în mai multe b?t?lii (cum ar fi cea de lâng? Bistri?a) ?i alunga?i.4. Conflictele din Dobrogea (Zona Dun?rii de Jos)Dobrogea a fost un teatru de r?zboi permanent între Imperiul Bizantin, ?aratul Bulgar ?i Hoarda de Aur:În a doua jum?tate a secolului al XIII-lea, liderul t?tar Nogai Han î?i stabile?te cartierul general în zona Dun?rii de Jos (probabil la Isaccea), controlând militar ?i politic întreaga regiune ?i transformând Dobrogea într-o baz? de opera?iuni militare."
14 AD,"B?t?lia de la Posada (9–12 noiembrie 1330): Oastea ??rii Române?ti condus? de Basarab I a învins armata maghiar? a lui Carol Robert de Anjou, asigurând independen?a statului muntean.B?t?lia de la Rovine (1394 sau 1395): Domnitorul Mircea cel B?trân a oprit ofensiva trupelor otomane conduse de Baiazid I pe teritoriul ??rii Române?ti.Cruciada de la Nicopole (1396): Oastea lui Mircea cel B?trân a sprijinat coali?ia cruciat? antiotoman? într-o lupt? purtat? la sud de Dun?re, cu ecouri directe asupra spa?iului românesc."
15 AD,"Campaniile lui Iancu de Hunedoara (anii 1440–1448): Voievodul Transilvaniei a organizat lupte antiotomane la sudul Dun?rii ?i pe teritoriul românesc, culminând cu marile campanii ?i înfrângerile de la Varna (1444) ?i a doua b?t?lie de la Kosovo Polje (1448).Atacul de noapte de la Târgovi?te (1462): Vlad ?epe? a condus o rezisten?? de h?r?uire împotriva sultanului Mahomed al II-lea, care a invadat ?ara Româneasc? dup? refuzul pl??ii tributului. Atacul surpriz? din iunie 1462 l-a obligat pe sultan s? se retrag?.B?t?lia de la Baia (1467): ?tefan cel Mare a respins o expedi?ie a regelui Ungariei, Matei Corvin, decis s? supun? Moldova, b?t?lie în care regele maghiar a fost r?nit.B?t?lia de la Vaslui (1475): ?tefan cel Mare a ob?inut o victorie str?lucit? împotriva unei armate otomane net superioare numeric conduse de Suleiman Pa?a.B?t?lia de la R?zboieni / Valea Alb? (1476): Oastea Moldovei a fost înfrânt? de sultanul Mahomed al II-lea, îns? otomanii nu au putut cuceri ?ara datorit? rezisten?ei din cet??i ?i a tacticii de h?r?uire."
16 AD,"1. Campania antiotoman? a lui Mihai Viteazul (1594–1600)Sfâr?itul secolului al XVI-lea este dominat de mi?carea de eliberare condus? de Mihai Viteazul, domnul ??rii Române?ti, care a reu?it ?i prima unire politic? a celor trei ??ri române.B?t?lia de la C?lug?reni (23 august 1595): Una dintre cele mai faimoase confrunt?ri, în care armata muntean? condus? de Mihai Viteazul a ob?inut o victorie tactic? important? împotriva unei armate otomane mult superioare, conduse de Sinan Pa?a.B?t?lia de la Giurgiu (octombrie 1595): For?ele aliate ale românilor ?i transilv?nenilor (sub comanda lui Sigismund Báthory) au zdrobit ariergarda oastei lui Sinan Pa?a care se retr?gea peste Dun?re.B?t?lia de la ?elimb?r (28 octombrie 1599): Mihai Viteazul învinge armata transilv?nean? condus? de cardinalul Andrei Báthory, victorie care îi deschide calea c?tre Alba Iulia ?i preluarea controlului asupra Transilvaniei.B?t?lia de la Mir?sl?u (18 septembrie 1600): Mihai Viteazul este înfrânt de o coali?ie format? din nobilii maghiari r?scula?i ?i trupele imperiale habsburgice conduse de generalul Giorgio Basta.2. Conflictele conduse de Petru Rare? în MoldovaÎn prima jum?tate a secolului, Petru Rare? a încercat s? restabileasc? influen?a Moldovei în regiune.B?t?lia de la Feldioara (22 iunie 1529): Petru Rare? intervine militar în Transilvania în sprijinul regelui Ioan Zápolya ?i ob?ine o victorie categoric? împotriva adep?ilor lui Ferdinand de Habsburg.Invazia otoman? din 1538: Sultanul Soliman Magnificul organizeaz? o campanie masiv? împotriva Moldovei pentru a-l pedepsi pe Petru Rare?. Din cauza tr?d?rii marii boierimi, domnitorul este nevoit s? fug? în Transilvania, iar Suceava este ocupat? f?r? lupt?.3. Luptele lui Radu de la Afuma?i (1522–1525)Dup? moartea lui Neagoe Basarab, ?ara Româneasc? trece printr-o criz? succesoral? profund?. Radu de la Afuma?i a purtat nu mai pu?in de 20 de b?t?lii împotriva otomanilor ?i a pretenden?ilor sprijini?i de ace?tia (precum b?t?liile de la ?tefeni, Gubavi sau Bucure?ti), reu?ind temporar s? împiedice transformarea ??rii în pa?alâc turcesc.4. R?zboaiele lui Ioan Vod? cel Viteaz (cel Cumplit) în Moldova (1574)Acesta a refuzat s? dubleze tributul cerut de Poart? ?i a început o campanie militar? fulger?toare.B?t?lia de la Jili?te (aprilie 1574): Ioan Vod? surprinde ?i zdrobe?te o armat? turco-muntean? venit? s?-l instaleze pe Petru ?chiopul pe tronul Moldovei.B?t?lia de la Iezerul Cahulului (iunie 1574): Din cauza lipsei de ap? ?i a tr?d?rii din partea pârc?labului Ieremia Golia, armata moldovean? este încercuit?. De?i au luptat eroic, moldovenii au fost înfrân?i, iar Ioan Vod? a fost executat de otomani.5. Instabilitatea din Transilvania ?i b?t?lia de la Mohács (1526)De?i B?t?lia de la Mohács din 1526 a avut loc pe teritoriul Ungariei de ast?zi, pr?bu?irea Regatului Ungar a dus direct la transformarea Transilvaniei în principat autonom sub suzeranitate otoman? (1541). Aceast? schimbare geopolitic? a generat numeroase conflicte interne între fac?iunile nobiliare pro-habsburgice ?i cele pro-otomane pe tot parcursul secolului."
17 AD,"1. R?zboaiele lui Mihai Viteazul ?i consecin?ele lor (1600–1601)De?i campaniile majore antiotomane au început la sfâr?itul secolului al XVI-lea, ecourile ?i ultimele b?t?lii ale epocii lui Mihai Viteazul au deschis secolul al XVII-lea.B?t?lia de la Mir?sl?u (septembrie 1600): Mihai Viteazul este înfrânt de nobilii maghiari din Transilvania, alia?i cu generalul habsburgic Giorgio Basta.B?t?lia de la Bucov (octombrie 1600): Polonezii condu?i de Jan Zamoyski îl înving pe Mihai în Muntenia, impunându-l pe tron pe Simion Movil?.B?t?lia de la Gurusl?u (august 1601): Mihai Viteazul, aliat din nou cu generalul Basta, îl învinge pe Sigismund Báthory, restabilind controlul imperial asupra Transilvaniei cu pu?in timp înainte de a fi asasinat.2. Conflictele moldo-muntene din timpul lui Vasile Lupu ?i Matei Basarab (1637–1653)Rivalitatea dintre domnitorul Moldovei, Vasile Lupu, ?i cel al ??rii Române?ti, Matei Basarab, a dus la mai multe ciocniri militare violente pe teritoriul ambelor principate.B?t?lia de la Foc?ani (1637): Prima confruntare direct? între armatele celor doi domnitori.B?t?lia de la Ojogeni (1639): Vasile Lupu invadeaz? ?ara Româneasc?, dar este înfrânt decisiv de Matei Basarab.B?t?lia de la Finta (1653): Vasile Lupu, sprijinit de cazacii ginerelui s?u Timu? Hmelni?ki, atac? din nou Muntenia. Matei Basarab ob?ine o victorie zdrobitoare, conflictul marcând sfâr?itul domniei lui Vasile Lupu.3. Campania otoman? împotriva Transilvaniei (1657–1662)Principele Transilvaniei, Gheorghe Rákóczi al II-lea, a declan?at o campanie militar? neautorizat? în Polonia, provocând mânia Por?ii Otomane. Drept urmare, Transilvania a fost devastat? de expedi?ii de pedepsire otomane ?i t?tare.B?t?lia de la Gil?u (1660): Rákóczi al II-lea este r?nit mortal în lupta împotriva turcilor. Ca urmare a acestui r?zboi, otomanii cuceresc cetatea Oradea ?i transform? Cri?ana în pa?alâc turcesc (Pa?alâcul de la Oradea).4. R?zboaiele Otomano-Polone ?i implicarea Moldovei (1620–1621, 1672–1676)Datorit? pozi?iei sale geografice, Moldova a devenit teatru de r?zboi în confrunt?rile dintre polonezi ?i turci.B?t?lia de la ?u?ora (1620): Armata polonez? este masacrat? de otomani ?i t?tari pe malul Prutului, lâng? Ia?i.B?t?lia de la Hotin (1621): O mare b?t?lie de pozi?ie la grani?a Moldovei, unde polonezii ?i cazacii opresc avansul armatei sultanului Osman al II-lea.Campaniile regelui Jan Sobieski (anii 1680–1690): Polonezii au organizat mai multe expedi?ii militare în Moldova (ocupând temporar Suceava, Ia?iul ?i Neam?ul) în încercarea de a scoate principatul de sub influen?a otoman?.5. Marele R?zboi Turcesc ?i trecerea Transilvaniei sub habsburgi (1683–1699)Dup? e?ecul asediului otoman asupra Vienei (1683), Sfânta Alian?? (condus? de Imperiul Habsburgic) a lansat o puternic? ofensiv? împotriva turcilor, luptele desf??urându-se intens ?i pe teritoriul românesc.B?t?lia de la Sânmartin (1685) ?i B?t?lia de la Z?rne?ti (1690): Confrunt?ri pe teritoriul Transilvaniei între for?ele imperiale ?i cele otomane/curu?i.Tratatul de la Karlowitz (1699): Pune cap?t r?zboiului. Transilvania este cedat? oficial Imperiului Habsburgic, schimbând definitiv harta geopolitic? a regiunii."
18 AD,"1. R?zboiul Ruso-Turc (1710–1711)Context pe teritoriul românesc: Domnitorul Moldovei, Dimitrie Cantemir, se aliaz? secret cu ?arul Rusiei, Petru cel Mare (Tratatul de la Lu?k), încercând s? elibereze ?ara de sub suzeranitatea otoman?.B?t?lia decisiv?: Are loc la St?nile?ti, pe Prut (iulie 1711), unde armatele moldo-ruse sunt încercuite ?i înfrânte de otomani.Consecin?e: Dimitrie Cantemir este nevoit s? se exileze în Rusia. Drept urmare a neîncrederii în domnii p?mânteni, Poarta otoman? introduce regimul fanariot în Moldova (1711) ?i ulterior în ?ara Româneasc? (1716).2. R?zboiul Austro-Turc (1716–1718)Context pe teritoriul românesc: Trupele habsburgice atac? fort?re?ele otomane ?i p?trund adânc în Banat ?i ?ara Româneasc?.Urm?ri: Conflictul se încheie prin Pacea de la Passarowitz (1718). Prin acest tratat, Imperiul Habsburgic anexeaz? Banatul ?i Oltenia (ultima fiind retrocedat? ??rii Române?ti dou? decenii mai târziu).3. R?zboiul Ruso-Austro-Turc (1735–1739)Context pe teritoriul românesc: Teritoriul Moldovei ?i al ??rii Române?ti este invadat din nou. Trupele ruse?ti ocup? Ia?iul, iar austriecii lupt? pe teritoriul Olteniei ?i în Muntenia.Urm?ri: Se încheie prin Pacea de la Belgrad (1739). Austria pierde Oltenia, care revine sub st?pânirea domniei de la Bucure?ti (?i indirect sub suzeranitate otoman?).4. R?zboiul Ruso-Turc (1768–1774)Context pe teritoriul românesc: Este unul dintre cele mai distructive conflicte din acest secol pentru spa?iul românesc. Moldova ?i ?ara Româneasc? sunt complet ocupate de armatele ?ariste. Au loc b?t?lii importante la Larga ?i Cahul (pe teritoriul basarabean de atunci).Urm?ri: Se încheie prin Pacea de la Kuciuk-Kainargi (1774). De?i Principatele sunt retrocedate formal otomanilor, Rusia ob?ine dreptul de a interveni în protejarea cre?tinilor din imperiu. Ca o consecin?? direct? a acestei reconfigur?ri, în 1775, Austria anexeaz? ilegal nordul Moldovei, teritoriu redenumit Bucovina.5. R?zboiul Ruso-Austro-Turc (1787–1792)Context pe teritoriul românesc: Alian?a austro-rus? atac? din nou Imperiul Otoman pe p?mânt românesc. Bucure?tiul ?i Ia?iul sunt ocupate militar de trupele aliate. Au loc b?t?lii violente în zone precum Foc?ani ?i Râmnicu S?rat, unde generalul rus Suvorov ob?ine victorii r?sun?toare.Urm?ri: Pacea de la ?i?tov (1791) cu Austria ?i Pacea de la Ia?i (1792) cu Rusia. Prin tratatul de la Ia?i, grani?a Imperiului Rus ajunge pentru prima dat? pe Nistru, devenind vecinul direct al Moldovei."
19 AD," R?zboaiele ruso-turce (purtate par?ial pe p?mânt românesc)În total, spa?iul românesc a fost teatru de opera?iuni sau a fost ocupat militar în repetate rânduri:R?zboiul Ruso-Turc (1806–1812): S-a încheiat cu Pacea de la Bucure?ti. În urma acestui conflict, Imperiul Rus a anexat jum?tatea de est a Moldovei (teritoriul dintre Prut ?i Nistru), numit ulterior Basarabia.R?zboiul Ruso-Turc (1828–1829): Principatele au fost ocupate de armata ?arist?. S-a încheiat cu Tratatul de la Adrianopol, care a adus modific?ri economice ?i politice majore (instituirea Regulamentelor Organice) ?i a retrocedat ??rii Române?ti cet??ile dun?rene (Br?ila, Giurgiu, Turnu).R?zboiul Crimeii (1853–1856): A început prin ocuparea Principatelor Române de c?tre trupele ruse?ti, urmate apoi de o ocupa?ie austriac? ?i otoman? de siguran??. De?i luptele mari s-au mutat în Crimeea, teritoriul românesc a fost direct afectat.R?zboiul Ruso-Turc (1877–1878) / R?zboiul de Independen??: Armata rus? a traversat România pentru a ataca Imperiul Otoman. România s-a al?turat militar Rusiei, trupele conduse de domnitorul Carol I având un rol decisiv în asediile de la Plevna, Grivi?a, Rahova ?i Vidin. Conflictul a consfin?it independen?a de stat a României.???? Revolu?ii ?i mi?c?ri armate interneRevolu?ia de la 1821 condus? de Tudor Vladimirescu: O mi?care social? ?i na?ional? puternic? în ?ara Româneasc?. S-au dat lupte între pandurii lui Tudor, eteri?ti (revolu?ionarii greci condu?i de Alexandru Ipsilanti care ac?ionau tot pe teritoriu românesc) ?i armatele otomane venite s? în?bu?e revolta.Revolu?ia de la 1848–1849 în Transilvania: A degenerat într-un r?zboi civil sângeros între revolu?ionarii maghiari (care doreau unirea Transilvaniei cu Ungaria) ?i românii transilv?neni condu?i de Avram Iancu (care ap?rau drepturile na?ionale ale românilor, alia?i temporar cu Casa de Habsburg). Confrunt?rile armate au avut loc în Mun?ii Apuseni ?i în diverse localit??i transilv?nene, pân? la interven?ia trupelor ?ariste care au înfrânt armata maghiar?."
20 AD,"Primul R?zboi Mondial : Campania din anul 1916 (Insuccesul ini?ial): Dup? o ofensiv? de scurt? durat? în Transilvania, armata român? a fost nevoit? s? se retrag? din cauza atacului combinat al trupelor germane, austro-ungare ?i bulgare. Sudul ??rii, inclusiv capitala Bucure?ti, a fost ocupat de Puterile Centrale. Regele, guvernul ?i armata s-au retras în Moldova, Ia?iul devenind capital? de r?zboi.Campania din anul 1917 (Marile victorii): În vara anului 1917, pe teritoriul Moldovei, armata român? reorganizat? a ob?inut victorii defensive cruciale care au oprit înaintarea trupelor germane conduse de feldmare?alul von Mackensen.Cele mai importante b?t?lii de pe teritoriul RomânieiB?t?lia de la Turtucaia (septembrie 1916): O înfrângere sever? a trupelor române în fa?a armatei bulgaro-germane, care a deschis drumul inamicului spre Dobrogea.B?t?lia de pe Valea Jiului ?i B?t?lia de pe Neajlov-Arge? (toamna 1916): Confrunt?ri violente prin care s-a încercat, f?r? succes, oprirea înaint?rii Puterilor Centrale spre Bucure?ti.B?t?lia de la M?r??ti (iulie 1917): O ofensiv? româneasc? reu?it? sub conducerea generalului Alexandru Averescu, prin care s-a ob?inut eliberarea mai multor localit??i.B?t?lia de la M?r??e?ti (august–septembrie 1917): Cea mai mare b?t?lie de pe frontul românesc. Armata Român? a rezistat eroic atacului german, stabilizând frontul sub deviza „Pe aici nu se trece!”.B?t?lia de la Oituz (august 1917): Desf??urat? în paralel cu cea de la M?r??e?ti, unde trupele române au blocat încercarea inamicului de a p?trunde în valea Trotu?ului.

al Doilea R?zboi Mondial: 1. Bombardamentele Aliate (1943–1944)Înainte ca trupele terestre s? intre în ?ar?, România a fost ?inta unor intense atacuri aeriene americane ?i britanice, având ca scop distrugerea infrastructurii petroliere ?i feroviare.Opera?iunea Tidal Wave (1 august 1943): Un atac aerian masiv al avia?iei americane (USAAF) asupra rafin?riilor de petrol de la Ploie?ti. A fost una dintre cele mai sângeroase ?i costisitoare misiuni aeriene pentru americani din întreg r?zboiul.Bombardamentele din prim?vara-vara anului 1944: Ora?e precum Bucure?ti (inclusiv atacul devastator din 4 aprilie 1944 asupra G?rii de Nord), Ploie?ti, Turnu Severin ?i Bra?ov au fost bombardate sistematic de Alia?i.2. Ofensiva Uman-Boto?ani (Martie – Aprilie 1944)Aceasta a marcat intrarea trupelor sovietice (Armata Ro?ie) pe teritoriul României.Frontul de Est a ajuns în nordul Moldovei.Sovieticii au ocupat ora?e precum Boto?ani, Dorohoi ?i Suceava, stabilind linia frontului în nordul ??rii.3. Prima Ofensiv? Ia?i-Chi?in?u (Aprilie – Mai 1944)O serie de lupte violente de uzur? între trupele germano-române ?i cele sovietice.B?t?lia de la Târgu Frumos: O confruntare de blindate de mare amploare, unde trupele germane (conduse de generalul Hasso von Manteuffel) ?i cele române au reu?it temporar s? opreasc? avansul tancurilor sovietice.4. A Doua Ofensiv? Ia?i-Chi?in?u (20–29 August 1944)O opera?iune strategic? sovietic? masiv? care a dus la pr?bu?irea complet? a frontului germano-român din Moldova.Armata Ro?ie a spart rapid liniile defensive de la Ia?i ?i Chi?in?u.Aceast? pr?bu?ire militar? a accelerat lovitura de stat de la Bucure?ti din 23 august 1944, prin care regele Mihai I l-a demis pe mare?alul Ion Antonescu, iar România a întors armele împotriva Germaniei Naziste, al?turându-se Coali?iei Na?iunilor Unite.5. Luptele din Sudul ?i Centrul României (August – Septembrie 1944)Dup? actul de la 23 august, teritoriul României a devenit teatrul unor lupte intense între fo?tii alia?i (românii ?i germanii).B?t?lia pentru Bucure?ti: Trupele române au respins atacurile germane care încercau s? ocupe Capitala ?i s? instaureze un regim marionet?. Pân? la sosirea sovieticilor, Bucure?tiul era deja eliberat de armata român?.Luptele de pe linia Dun?rii ?i din Dobrogea: Confrunt?ri pentru blocarea retragerii trupelor germane din Balcani.6. Campania din Transilvania (Septembrie – Octombrie 1944)Armata român?, ac?ionând împreun? cu Armata Ro?ie, a lansat ofensiva pentru eliberarea Transilvaniei de Nord (care fusese cedat? Ungariei în 1940 prin Dictatul de la Viena).B?t?lia de la Turda (Septembrie – Octombrie 1944): Una dintre cele mai mari ?i mai grele b?t?lii de blindate de pe teritoriul actual al României, unde trupele ungaro-germane au opus o rezisten?? dârz? în fa?a for?elor româno-sovietice.B?t?lia de la P?uli? (Septembrie 1944): Elevii ?colii de Subofi?eri de Rezerv? de la Radna au oprit o ofensiv? puternic? a trupelor ungare.Eliberarea ultimelor ora?e (Octombrie 1944): Pe 25 octombrie 1944, prin eliberarea ora?elor Carei ?i Satu Mare, întregul teritoriu actual al României a fost complet eliberat de sub ocupa?ia trupelor Axei."
