Latitudine,Longitudine,Categorie
44.680496658,22.532812357,fortificație
44.746747673,22.418674167,burgus
44.601884074,22.259403925,burgus
47.01606822,21.703208904,anomalie necunoscută
46.936926644,21.671022392,tumul
47.164267154,22.331297994,fortificație
45.49047889,22.536169307,anomalie necunoscută
44.745364598,22.439648509,anomalie necunoscută
44.726295115,22.442957067,anomalie necunoscută
44.730534033,22.448430061,anomalie necunoscută
45.665178907,23.160984622,fortificație
45.815263109,22.938955422,anomalie necunoscută
44.479362718,22.848847654,fortificație
44.93443104,22.366063834,anomalie necunoscută
45.364945019,21.517481737,anomalie necunoscută
45.500093584,22.425405979,fortificație
45.635950004,22.849246722,fortificație
45.458365091,22.333148718,anomalie necunoscută
45.561479941,22.18641758,fortificație
45.533671325,22.464799583,anomalie necunoscută
45.524437846,22.262434959,fortificație
45.504447454,22.365383506,tumul
45.912989633,23.150789288,fortificație
45.586246367,22.369719297,tumul
45.534806145,22.381734252,fortificație
45.861630609,23.044194305,anomalie necunoscută
45.567384882,22.334902883,anomalie necunoscută
44.737714712,22.739414782,fortificație
45.299036509,22.484430671,fortificație
45.303913376,22.488462031,anomalie necunoscută
45.325572162,22.441729903,fortificație
45.351458286,22.40631938,fortificație
45.233454067,21.57524894,anomalie necunoscută
45.085404095,21.539375329,fortificație
45.151115261,21.553111507,anomalie necunoscută
45.519253156,22.745487191,fortificație
46.064,22.3,anomalie necunoscută
44.71936742,22.646398237,fortificație
45.324399182,22.350229025,castru
45.947152641,21.375271814,anomalie necunoscută
45.324625483,22.36958921,fortificație
45.500693295,22.530323267,anomalie necunoscută
45.517401798,22.495958805,castru
45.527688715,22.450023293,castru
45.394652123,22.348904014,fortificație
45.588652762,22.147805393,fortificație
45.295040789,22.52821106,anomalie necunoscută
45.191680874,22.491015494,fortificație
45.585047401,23.427968552,castru
45.550707224,23.524784428,castru
46.017170399,22.350019813,fortificație
45.518168589,22.58015871,castru
45.840052247,23.422442079,castru
45.661187492,23.131502867,castru
45.477706607,22.904095414,anomalie necunoscută
45.666628033,23.131400979,anomalie necunoscută
45.671989351,23.126554763,anomalie necunoscută
45.889975185,23.42758659,fortificație
45.377697307,23.357576642,fortificație
45.6716025,23.131961008,fortificație
45.496917044,23.583156816,anomalie necunoscută
44.874155485,21.579575704,castru
45.821979196,23.408072968,fortificație
45.833783099,23.408825607,fortificație
45.811045523,23.379933332,fortificație
45.206734342,23.685443435,castru
44.145857115,23.613367206,fortificație
44.149330761,23.614308045,fortificație
45.523358418,22.758056793,fortificație
45.780160613,22.79273776,fortificație
46.38083796,22.144396333,fortificație
46.207082102,23.07040218,burgus
45.722836696,23.136723554,castru
45.7237325,23.116149936,castru
45.709719944,23.218569555,burgus
45.629875205,23.12652257,anomalie necunoscută
46.16805021,21.011096524,anomalie necunoscută
45.445633497,21.788782627,fortificație
44.145879568,23.613565196,anomalie necunoscută
44.583831706,23.434710536,fortificație
45.33767,22.32233,fortificație
44.047,23.608,anomalie necunoscută
44.14572598,23.613374205,fortificație
45.151874232,23.54811375,anomalie necunoscută
45.154531244,23.539557643,anomalie necunoscută
45.159263073,23.545455821,anomalie necunoscută
45.146306469,23.541537114,anomalie necunoscută
45.151389836,23.840724553,anomalie necunoscută
45.148945849,23.841958369,anomalie necunoscută
44.930169733,22.334364343,fortificație
44.816673,22.394970468,castru
45.210888623,23.69474319,anomalie necunoscută
45.190181482,23.341296707,castru
45.886277065,23.523241664,fortificație
45.902488118,23.56876091,fortificație
46.200082913,23.753288303,fortificație
45.778089813,23.354037733,castru
45.685554905,23.412688552,castru
45.392437085,22.179538608,fortificație
45.669391997,23.150908649,anomalie necunoscută
45.900112036,23.355113268,fortificație
45.649308794,22.826020718,fortificație
46.390282863,22.142915726,fortificație
46.165657662,21.026692986,fortificație
45.999751967,21.362092495,fortificație
46.31589791,21.219602823,anomalie necunoscută
46.327686287,21.280885935,anomalie necunoscută
45.927292116,23.499539495,castru
45.891672588,23.410613537,castru
45.8224151,23.504247336,castru
45.823546343,23.437483907,castru
45.858660369,23.456039429,castru
45.870516997,23.436523676,anomalie necunoscută
44.782423202,21.41383985,anomalie necunoscută
44.785139857,21.48307303,fortificație
44.78561121,21.47483434,fortificație
44.782648233,21.404076608,anomalie necunoscută
44.783906237,21.473914893,fortificație
44.78529063,21.484654461,fortificație
44.786982616,21.47058681,fortificație
44.786082565,21.492614183,fortificație
44.782430436,21.413830195,anomalie necunoscută
44.72517931,22.511134744,fortificație
44.690693861,22.532839051,anomalie necunoscută
44.68054243,22.532866001,fortificație
44.781975809,21.427871023,anomalie necunoscută
44.786009033,21.446652437,anomalie necunoscută
44.784900751,21.489039337,fortificație
44.654631369,21.89274076,castru
44.689469103,22.394824002,anomalie necunoscută
47.310368204,22.02390344,anomalie necunoscută
47.264871019,21.952189011,anomalie necunoscută
45.663339487,23.11275959,fortificație
45.612119087,24.344987869,anomalie necunoscută
45.542790575,24.268351793,anomalie necunoscută
45.374958589,24.335203171,fortificație
45.95283839,22.223263979,anomalie necunoscută
45.992635844,22.244560719,fortificație
46.09929834,21.880453527,fortificație
45.900245287,25.945652996,burgus
45.965226779,25.981478691,castru
45.078630679,24.300524455,anomalie necunoscută
47.034769395,27.619079781,tumul
47.323999794,27.396306994,tumul
47.334123867,27.368776801,tumul
46.604011543,21.619187593,castru
47.353613046,27.344808581,tumul
47.356941907,27.330235248,tumul
47.093064297,22.233747714,fortificație
47.201659544,22.298024672,fortificație
45.92418455,25.944743201,castru
45.913432212,25.909844567,castru
45.919152705,25.910925901,castru
45.924363648,25.894566686,burgus
45.938547656,25.937172852,anomalie necunoscută
45.953509692,25.943902051,anomalie necunoscută
45.977178441,25.976172239,castru
46.019349624,25.999863658,castru
44.105949969,23.495931421,anomalie necunoscută
44.293568215,23.38201048,fortificație
44.239406659,22.979563271,fortificație
44.535697358,22.783719095,castru
44.525952659,22.78754071,anomalie necunoscută
44.547107313,22.794794478,anomalie necunoscută
44.549010413,22.784395013,fortificație
44.716268387,22.492851768,anomalie necunoscută
44.4512841,23.253476891,anomalie necunoscută
44.364051895,23.393745686,fortificație
43.785542393,25.475086256,fortificație
44.973863898,21.709167156,castru
45.011579327,21.704045203,anomalie necunoscută
47.167300839,22.187281641,tumul
47.183723165,22.157674346,tumul
47.276759857,22.090898112,tumul
46.539351314,22.515611925,tumul
46.545514598,22.49933202,tumul
46.548756849,22.475541872,tumul
46.557520469,22.47625642,tumul
46.579544987,22.478376439,tumul
46.492465734,22.446018254,tumul
44.122021933,23.503443764,fortificație
45.272554865,21.588417329,castru
45.467900562,21.82271579,fortificație
45.483643571,21.738573823,fortificație
45.270186985,21.588406641,castru
45.400340741,21.680490046,anomalie necunoscută
45.515766293,21.879895661,fortificație
44.701570676,23.359359775,fortificație
44.73152334,23.332372461,anomalie necunoscută
44.659770546,24.321991715,anomalie necunoscută
46.290204546,21.920707617,fortificație
46.286876252,21.931544815,anomalie necunoscută
46.289792898,21.927813324,anomalie necunoscută
45.619525961,23.226903712,anomalie necunoscută
45.517192032,21.865968023,fortificație
45.515483998,21.870709095,anomalie necunoscută
44.998486294,21.623998437,anomalie necunoscută
46.344440503,21.912584815,anomalie necunoscută
46.333707656,21.860656179,fortificație
46.6860273,22.186217375,tumul
46.690716133,22.187690411,fortificație
46.673198899,22.127974782,fortificație
46.252870382,23.570668476,anomalie necunoscută
46.280596088,23.461497217,anomalie necunoscută
46.116727401,23.14661554,burgus
46.99114878,22.221807037,tumul
46.664697021,21.472756165,anomalie necunoscută
45.1984595,23.66200176,anomalie necunoscută
46.443394375,22.496557574,tumul
46.713852487,22.252740417,tumul
46.463036815,22.113679647,fortificație
46.528574056,22.118185784,fortificație
46.515376078,22.142701187,anomalie necunoscută
46.586045906,22.123732632,fortificație
46.627083318,22.258763584,tumul
46.641074745,22.231278455,tumul
46.304732523,22.406510388,tumul
46.300533621,22.41630796,fortificație
46.406377235,22.268563307,tumul
46.47291815,22.365426449,fortificație
46.299647844,22.449307713,fortificație
46.399402001,22.272320543,fortificație
46.364802676,22.314139393,tumul
45.740351996,22.806922817,anomalie necunoscută
48.218608,26.567307,anomalie necunoscută
48.248249368,26.637900107,tumul
44.639154009,23.557015239,fortificație
44.649641551,23.723020783,fortificație
44.577192966,23.760123382,tumul
44.531,23.753,fortificație
44.473078349,23.711073698,tumul
44.527175922,23.665686182,tumul
44.531489484,23.687737144,tumul
44.848653908,22.442075102,fortificație
44.852,22.453,fortificație
44.852,22.427,fortificație
44.8503651,22.457313354,fortificație
47.131178396,22.558940888,fortificație
43.975914356,22.926512874,fortificație
43.976771359,22.922071135,fortificație
43.972552812,22.91949085,fortificație
43.969670591,22.941835812,fortificație
43.966622598,22.886274374,fortificație
45.346186975,22.230967317,fortificație
45.020415046,22.70468191,fortificație
44.954405422,22.876880811,anomalie necunoscută
44.958540894,23.312496219,fortificație
45.05482649,23.638060628,fortificație
45.061880752,23.626611859,tumul
45.071785402,23.656306063,tumul
45.092689334,23.654445686,tumul
46.572963642,22.385509746,tumul
46.57919988,22.367624801,tumul
46.550059898,22.397141966,tumul
46.790045068,22.351778308,tumul
46.809628195,22.341712521,tumul
46.798289301,22.334966225,fortificație
46.814014794,22.335506951,fortificație
46.842475524,22.345562014,castru
46.979985799,22.304691593,tumul
46.999028514,22.353520677,tumul
46.946976547,22.233168874,tumul
46.934095933,22.150022523,fortificație
46.827404343,22.317834411,fortificație
46.855388427,22.329425862,tumul
46.910947878,22.223924893,fortificație
46.975675738,22.40047649,tumul
46.979843799,22.347098385,tumul
46.989857823,22.31542686,tumul
47.002780621,22.334030661,tumul
47.304024595,22.12686542,anomalie necunoscută
45.381839083,23.272299563,fortificație
45.386890042,23.26580647,fortificație
46.027364043,23.391323126,fortificație
45.787647028,23.316032439,fortificație
45.521191687,22.734241399,fortificație
45.533472142,22.911793504,fortificație
45.605241104,22.983344114,fortificație
45.43,26.451,anomalie necunoscută
45.731901996,23.143969808,castru
45.622091507,23.251273187,anomalie necunoscută
46.355514829,22.303766761,fortificație
46.626426121,22.213275395,tumul
46.614506217,22.215893303,tumul
46.612122812,22.234361921,fortificație
45.26330956,23.295973812,anomalie necunoscută
45.200115284,23.290991338,castru
45.138604296,23.15675107,fortificație
44.268460892,22.845140781,anomalie necunoscută
44.491952823,22.765627532,fortificație
46.819242409,27.90595293,tumul
44.764759721,23.654367375,fortificație
47.34363179,22.149125507,tumul
45.503098318,22.67422591,fortificație
45.688299553,24.250591313,fortificație
45.688651805,24.239347492,fortificație
45.689900408,24.230761206,fortificație
45.687179826,24.239944015,fortificație
45.140890904,23.8216616,tumul
45.151451543,23.83302927,anomalie necunoscută
46.50621128,22.516820781,tumul
45.98930497,21.358640006,fortificație
46.280496748,21.128620177,tumul
46.44262402,21.366302523,fortificație
46.490140481,21.300036941,fortificație
46.479750999,21.460197007,fortificație
46.581503603,21.373589553,fortificație
46.603107078,21.436846772,fortificație
46.530135926,21.393691056,anomalie necunoscută
46.794682975,21.597496066,anomalie necunoscută
46.545738911,21.451933655,fortificație
46.412301187,21.630716834,anomalie necunoscută
46.413466937,21.632793953,fortificație
46.227531015,21.693540606,fortificație
46.206759115,21.809162055,fortificație
46.214944538,21.716446668,anomalie necunoscută
46.242729512,22.032402311,fortificație
46.420682924,21.360172061,castru
46.023292164,22.028672967,anomalie necunoscută
46.41346549,21.629568849,anomalie necunoscută
46.252110687,21.099218861,fortificație
46.286342417,21.110134399,fortificație
44.899772142,27.708992991,castru
45.519777291,22.65817884,fortificație
45.859425978,22.881132464,anomalie necunoscută
45.954572137,22.220690119,fortificație
46.723985915,22.38852511,tumul
44.224455019,23.143175131,fortificație
44.198900157,23.109690434,fortificație
44.20520783,23.107362276,fortificație
44.200919209,23.032346255,fortificație
44.136457657,23.211831097,fortificație
43.95493869,23.167259704,fortificație
46.041957762,21.665871098,fortificație
46.281530782,21.932978693,fortificație
43.7708993,28.5362063,tumul
43.7715547,28.5250854,locuinta
43.7791698,28.539631,tumul
43.7801329,28.4618989,tumul
43.7812596,28.3139685,anomalie necunoscuta
43.7835708,28.4938305,tumul
43.7854809,28.562028,tumul
43.7965823,28.4105889,fortificatie
43.7968029,28.4401082,fortificatie
43.7983706,28.5355616,val
43.7992506,28.5423318,fortificatie
43.8144507,28.5871299,anomalie necunoscuta
43.8146545,28.5029679,val
43.8169484,28.4621764,anomalie necunoscuta
43.8209591,28.5122684,tumul
43.8223908,28.5434022,tumul
43.8227398,28.5636024,tumul
43.8248128,28.4443792,tumul
43.8300405,28.5150771,tumul
43.8361391,28.5654639,locuinta
43.8366576,28.5311295,fortificatie
43.8396547,28.5674702,fortificatie
43.8409356,28.3724755,locuinta
43.843793,28.4577735,fortificatie
43.850633,28.5494262,tumul
43.8518325,28.3349472,locuinta
43.8520934,28.5007885,tumul
43.8522501,28.5791129,tumul
43.8748408,28.5265147,val
43.8887496,28.5617139,tumul
43.890941,28.4404874,tumul
43.903517,28.5844559,fortificatie
43.9107448,28.5592414,tumul
43.9159531,28.4788642,tumul
43.9201789,28.4800992,tumul
43.9220113,28.5427581,tumul
43.9290197,28.2902934,tumul
43.9292893,28.5957871,tumul
43.930179,28.5566052,tumul
43.9312611,28.5493485,locuinta
43.9376257,28.2123674,tumul
43.9420338,28.0691714,tumul
43.9546859,28.6248141,anomalie necunoscuta
43.9567385,28.4340282,tumul
43.9608853,28.6163197,fortificatie
43.9660118,28.5511392,tumul
43.9662747,28.493123,tumul
43.9751041,28.2847213,tumul
43.9818305,28.2012997,fortificatie
43.9821694,28.5755659,tumul
43.986065,28.1426595,val
43.992921,28.5499291,fortificatie
43.9935042,28.5334626,val
43.9999434,28.1921469,fortificatie
44.0009078,28.528822,locuinta
44.0028782,28.658068,fortificatie
44.0050621,28.6082681,fortificatie
44.0097908,28.6001829,locuinta
44.0103827,28.3115352,fortificatie
44.010675,28.34225,anomalie necunoscuta
44.0130215,28.5489027,anomalie necunoscuta
44.0133308,28.5798225,fortificatie
44.0135313,28.632272,locuinta
44.0144334,28.3223881,val
44.0208853,28.5451843,fortificatie
44.0235369,28.5772799,tumul
44.0393499,28.5197198,fortificatie
44.0477289,28.2492843,locuinta
44.0562748,28.0899322,anomalie necunoscuta
44.0622048,28.0970133,castru
44.0650827,27.4584843,fortificatie
44.0660126,28.4670897,anomalie necunoscuta
44.0660287,28.0882926,fortificatie
44.0704828,27.8872429,tumul
44.070701,27.4523682,fortificatie
44.0767382,28.5566425,tumul
44.0770365,28.2633597,castru
44.0774195,27.403272,fortificatie
44.0845311,28.4032875,anomalie necunoscuta
44.0917555,27.9446226,locuinta
44.092821,27.3399128,anomalie necunoscuta
44.0970656,28.0805962,tumul
44.1004378,27.4091634,tumul
44.1012438,27.3822292,locuinta
44.1016881,27.9557732,tumul
44.1035812,27.4300203,fortificatie
44.1046773,28.0012656,anomalie necunoscuta
44.105463,27.4290244,tumul
44.1159212,28.226181,tumul
44.1207391,27.6610653,tumul
44.1244934,27.7916488,tumul
44.1284753,28.2677728,locuinta
44.1286916,27.6353979,fortificatie
44.1346206,28.4970899,fortificatie
44.1390438,28.4698375,anomalie necunoscuta
44.1401573,27.6223567,fortificatie
44.1412796,28.3665245,anomalie necunoscuta
44.1435258,27.9393977,tumul
44.145792,28.4938257,fortificatie
44.1472422,27.5077395,fortificatie
44.1473723,28.5293284,anomalie necunoscuta
44.1485836,27.6801104,tumul
44.152764,28.5404643,fortificatie
44.1548847,28.0082928,tumul
44.1560335,28.5515928,anomalie necunoscuta
44.1569208,28.5666271,anomalie necunoscuta
44.1630539,28.3257855,anomalie necunoscuta
44.1648007,28.5517201,anomalie necunoscuta
44.1654062,27.7500248,castru
44.1666737,28.5366609,locuinta
44.1668583,28.4286476,tumul
44.1671402,27.9552801,locuinta
44.1691272,27.5415018,fortificatie
44.1700515,28.5235787,fortificatie
44.170648,28.0125169,tumul
44.1708197,28.4378284,fortificatie
44.17452,28.1208462,tumul
44.1746336,28.5028834,anomalie necunoscuta
44.1751197,28.4955763,fortificatie
44.177053,27.5789612,fortificatie
44.1794795,28.4580891,anomalie necunoscuta
44.1812964,28.514644,fortificatie
44.183657,28.4095807,fortificatie
44.1868844,28.5657123,tumul
44.1872056,27.9957067,tumul
44.1901594,28.549547,anomalie necunoscuta
44.1934378,28.4744059,anomalie necunoscuta
44.1936624,28.0752168,anomalie necunoscuta
44.1983536,28.4331265,fortificatie
44.1998309,28.2903294,anomalie necunoscuta
44.2045754,28.4223389,fortificatie
44.206374,28.4233318,anomalie necunoscuta
44.2073551,28.4021829,val
44.2083123,27.8552512,fortificatie
44.2089333,28.433912,tumul
44.2112347,27.7590015,val
44.2163491,27.8875076,fortificatie
44.222013,28.345026,tumul
44.2231795,27.8852132,fortificatie
44.2235794,28.4436369,tumul
44.2269832,28.3131052,anomalie necunoscuta
44.2272745,27.9972878,val
44.2273643,28.1524332,tumul
44.2273686,28.4015201,anomalie necunoscuta
44.2277733,28.0205621,locuinta
44.2284915,28.1640605,tumul
44.2285783,28.1302818,tumul
44.2296773,28.1086901,anomalie necunoscuta
44.231596,27.8369424,tumul
44.2344124,28.1597846,tumul
44.2347311,27.9073399,fortificatie
44.2353413,28.3415888,castru
44.2356698,27.9135465,fortificatie
44.2363775,28.3357674,castru
44.2400152,27.8487963,fortificatie
44.2406182,27.8591948,castru
44.2407847,28.0246464,fortificatie
44.2411133,27.8539584,fortificatie
44.2454982,28.3379329,tumul
44.2462902,28.5752748,fortificatie
44.2485448,28.252476,anomalie necunoscuta
44.2527643,28.0106376,locuinta
44.2540283,28.0677178,tumul
44.257341,28.162753,val
44.2591547,28.093295,fortificatie
44.2594647,28.117569,fortificatie
44.2673519,28.0739204,fortificatie
44.2686808,28.0800793,fortificatie
44.2686868,28.039072,castru
44.2796346,28.0028897,castru
44.2874383,27.9901633,fortificatie
44.2927022,28.2316207,locuinta
44.4661239,28.7056147,tumul
44.5472836,28.7721989,anomalie necunoscuta
44.959555,28.6428361,burgus
44.972285,28.6820217,tumul
44.9725504,28.6487177,tumul
44.9763604,28.6620381,tumul
44.9774474,28.6493621,tumul
44.9799246,29.1544273,fortificatie
44.9803112,28.145208,burgus
44.9837601,28.6774083,tumul
44.9897731,28.7275773,tumul
44.9906894,28.1746491,tumul
44.9909463,28.7821957,tumul
44.9938934,28.1413525,anomalie necunoscuta
44.9944032,28.1572931,tumul
44.9995394,28.2505687,tumul
45.0003504,28.7642942,tumul
45.0022979,28.2102076,tumul
45.0096325,28.8661665,tumul
45.011856,29.1055382,tumul
45.0132939,28.874165,tumul
45.0156969,28.2156965,tumul
45.0174058,29.1964803,tumul
45.0174495,29.1568801,tumul
45.0210311,28.711317,tumul
45.0213379,28.3892379,tumul
45.02198,28.90034,tumul
45.0229597,28.6566388,tumul
45.023355,28.7233917,tumul
45.0235461,29.1546485,anomalie necunoscuta
45.0244186,29.1978877,fortificatie
45.0313632,28.9776137,tumul
45.0320919,29.049586,anomalie necunoscuta
45.0323242,28.8907191,tumul
45.03575,28.97049,tumul
45.0367763,29.1055264,tumul
45.0462247,29.119291,tumul
45.0472908,28.2321464,tumul
45.0516169,28.8034807,tumul
45.0524825,29.0401904,tumul
45.0546286,28.4600471,tumul
45.0553944,28.8513832,tumul
45.0687042,29.0697145,tumul
45.0755246,28.3105239,anomalie necunoscuta
45.0775254,29.0465768,tumul
45.0804657,28.2084395,tumul
45.0815287,28.9962667,tumul
45.0850453,28.5806208,anomalie necunoscuta
45.0860921,29.0346442,tumul
45.0867537,28.6704325,tumul
45.0877934,28.311377,anomalie necunoscuta
45.0899579,29.0382993,anomalie necunoscuta
45.0901047,28.9856362,tumul
45.1007948,29.0666409,fortificatie
45.1028531,29.0466593,val
45.1089639,29.0329523,anomalie necunoscuta
45.1152869,28.219749,tumul
45.1440218,28.1909484,fortificatie
45.1509621,28.2016639,tumul
45.1589794,28.5841901,locuinta
45.1663956,28.2177064,tumul
45.1733405,28.5692635,locuinta
45.1743773,27.8729659,fortificatie
45.1819622,28.1643656,fortificatie
45.1850726,27.8645926,fortificatie
45.1862628,28.8148072,fortificatie
45.1886479,28.2571524,fortificatie
45.2035126,27.8200269,fortificatie
45.2059629,27.82057,locuinta
45.2280454,27.8483891,fortificatie
45.2287443,28.4284508,tumul
45.2298705,27.8515274,fortificatie
45.2303474,28.1594879,tumul
45.2324468,27.8486404,val
45.2328836,27.8409322,fortificatie
45.239487,28.1276054,castru
45.2424535,28.4767518,tumul
45.2438747,28.4199928,tumul
45.2484769,28.2823093,tumul
45.2602037,28.5015609,fortificatie
45.2626462,28.3910708,anomalie necunoscuta
45.2648447,28.4803094,tumul
45.2693468,28.1453404,tumul
45.2702883,28.4924364,castru
45.2726994,28.428516,val
45.2729746,28.128478,tumul
45.2779254,28.2958532,tumul
45.27854,28.11253,tumul
45.2800098,28.3290262,tumul
45.2880194,27.8400535,fortificatie
45.2938862,28.1983924,tumul
45.2940335,28.2459019,tumul
45.3005988,28.2512725,tumul
45.3022486,28.2525226,tumul
45.30477,28.19058,tumul
45.3125378,28.2712944,castru
45.3170999,27.9086829,fortificatie
45.3176059,27.8718942,tumul
45.32834,28.17731,tumul
45.3317531,27.8272833,tumul
45.3462364,27.793067,fortificatie
45.3701898,28.1517709,anomalie necunoscuta
45.3788888,28.1388031,castru
45.4048841,27.9894481,castru
45.4132502,28.1062261,locuinta
45.4196,27.87865,anomalie necunoscuta
45.42534,27.87754,fortificatie
45.43543,27.85328,tumul
45.4358037,27.9252871,fortificatie
45.4370478,27.9362242,fortificatie
45.4420264,27.952714,fortificatie
45.44539,27.93223,tumul
45.4512803,23.3140766,fortificatie
45.45462,27.924679,fortificatie
45.4569968,27.8454163,tumul
45.457754,27.9665905,tumul
45.458564,27.8241467,locuinta
45.466412,27.9845523,fortificatie
45.4683433,27.9709343,tumul
45.4732162,27.9666525,tumul
45.4736921,27.9784114,fortificatie
45.473802,23.1335985,fortificatie
45.4856902,22.9452638,val
45.4928817,22.8015377,fortificatie
45.4996163,22.8107196,fortificatie
45.5000537,22.8022816,locuinta
45.5077732,27.8398848,locuinta
45.5079074,27.9803882,tumul
45.5098991,22.5552285,val
45.5100773,22.9553289,fortificatie
45.5146419,22.7865302,locuinta
45.5162218,23.0080675,fortificatie
45.5282121,27.9409577,val
45.5376572,27.9765203,fortificatie
45.5399269,27.9655779,val
45.5429972,22.8066333,fortificatie
45.5432637,23.0161579,fortificatie
45.5515876,22.9800611,val
45.5561765,22.9832843,val
45.5596526,28.0057849,val
45.5759271,22.7979508,fortificatie
45.5927066,22.9781745,locuinta
45.5934974,22.9855349,anomalie necunoscuta
45.600135,28.0004118,fortificatie
45.6010691,22.7479709,val
45.6093174,22.9981869,fortificatie
45.6210094,28.0200154,fortificatie
45.6222985,23.3104259,anomalie necunoscuta
45.6270059,28.0159717,tumul
45.662873,23.0085959,fortificatie
45.6673094,23.1630919,fortificatie
45.6795448,23.1543436,fortificatie
45.6804575,23.0314933,fortificatie
45.7148987,23.0608361,fortificatie
45.7156738,23.0555244,fortificatie
45.7161979,22.9888628,locuinta
45.7186644,23.0431697,fortificatie
45.7313565,22.89688,anomalie necunoscuta
45.7422749,22.9837195,anomalie necunoscuta
45.7454531,22.8866198,fortificatie
45.7483339,22.8885455,anomalie necunoscuta
45.7534277,23.0033442,anomalie necunoscuta
45.7724441,22.8869891,locuinta
45.775687,23.0032056,locuinta
45.7947198,22.9746282,fortificatie
45.8025754,23.163522,tumul
45.8166318,22.9785878,fortificatie
45.8181262,23.0858536,fortificatie
45.8210083,23.603724,fortificatie
45.8258724,23.225836,anomalie necunoscuta
45.8272042,22.9883102,anomalie necunoscuta
45.8284911,23.362584,val
45.8383888,23.0445737,fortificatie
45.8395984,22.9079733,fortificatie
45.8522832,22.9909352,fortificatie
45.8532497,22.9163987,anomalie necunoscuta
45.8573535,23.0516774,val
45.8600735,23.0353622,locuinta
45.8618783,23.0442462,fortificatie
45.8664354,22.8540323,locuinta
45.8666229,23.0809737,tumul
45.8671923,23.5840217,fortificatie
45.8712201,23.5751633,castru
45.8724853,23.1035403,anomalie necunoscuta
45.8822159,23.3030081,locuinta
45.888578,22.897235,fortificatie
45.8891349,23.3660936,fortificatie
45.8934233,23.2542131,fortificatie
45.8935733,23.193481,castru
45.8944742,23.1918151,castru
45.8955179,23.1905369,castru
45.8974569,23.2028893,anomalie necunoscuta
45.8975184,23.2448609,fortificatie
45.8976344,23.1740087,fortificatie
45.9028054,22.9652347,locuinta
45.9071546,22.8138013,fortificatie
45.9100639,22.9100144,locuinta
45.9120517,22.8153355,castru
45.9133946,23.4611597,locuinta
45.919692,23.3511832,fortificatie
45.9210977,23.3667233,locuinta
45.9212236,23.3496432,anomalie necunoscuta
45.9261825,22.8553937,anomalie necunoscuta
45.9354663,23.1630909,locuinta
45.9442048,23.4098833,fortificatie
45.9470233,22.5008555,fortificatie
45.9488514,22.7258606,fortificatie
45.9512994,23.3409496,locuinta
45.9552663,23.5914568,anomalie necunoscuta
45.9580942,22.5085807,fortificatie
45.9685223,23.4228715,locuinta
45.9854229,23.4800378,locuinta
45.9897859,23.4708615,anomalie necunoscuta
45.9969414,23.4796221,anomalie necunoscuta
45.997967,23.4682842,locuinta
45.9990013,23.4772156,locuinta
46.0095168,23.538746,fortificatie
46.0128138,23.5594135,locuinta
46.0157032,23.4965592,anomalie necunoscuta
46.019325,23.5178615,locuinta
46.0221225,23.5621042,anomalie necunoscuta
46.043922,23.5690296,locuinta
46.0511049,23.5555542,anomalie necunoscuta
46.061351,23.5685916,locuinta
46.0672692,23.5716521,castru
46.0675489,23.735975,locuinta
46.081941,23.5682062,anomalie necunoscuta
46.0888014,23.5804015,anomalie necunoscuta
46.0920089,23.5484627,anomalie necunoscuta
46.0923382,23.5436608,locuinta
46.0981148,23.5553919,anomalie necunoscuta
46.1197367,23.5440852,fortificatie
46.1203643,23.5199987,anomalie necunoscuta
46.1288585,23.4947847,castru
46.1912943,23.6555276,anomalie necunoscuta
46.1997112,23.6406337,locuinta
46.2053732,23.5934452,locuinta
46.2090658,23.4860829,fortificatie
46.2258653,23.7080973,fortificatie
46.2789011,23.7111407,tumul
46.3622021,23.7106468,fortificatie
46.3899722,23.7844799,locuinta
46.4098177,23.8632478,fortificatie
46.4125731,23.8630994,castru
46.4132823,23.8374647,fortificatie
46.4161087,23.8584941,fortificatie
46.4209798,23.9073427,fortificatie
47.381912,22.020990,tumul
47.425619,22.064195,anomalie necunoscuta
47.424342,22.071276,tumul
47.364816,22.091746,fortificatie
47.407949,22.140176,tumul
44.870855,26.080729,tumul
47.192847,22.480484,fortificatie
46.150212,21.553545,tumul
46.187080,21.637745,fortificatie
44.422072, 24.502859, anomalie necunoscută
44.531942, 24.673491, anomalie necunoscută
44.891679, 25.640974, anomalie necunoscută
44.961822, 25.554779, fortificatie
44.978680, 25.479516, burgus
44.643162, 25.933335, tumul
44.560402, 26.305196, anomalie necunoscută
44.473228, 26.505868, tumul
48.075040, 26.296592, anomalie necunoscută
48.058298, 26.246338, anomalie necunoscută
